Kingdom,Phylum,Class,Order,Family,YXIN01,YXIN02,YXIN03,YXIN07,YXIN08,YXIN09,YXIN10,YXIN11,YXIN12,YXIN13,YXIN14,YXIN15,YXIN16,YXIN17,YXIN18,YXIN19,YXIN20,YXIN21,YXIN22,YXIN23,YXIN24,YXIN28,YXIN29,YXIN30
Bacteria,Proteobacteria,Gammaproteobacteria,Burkholderiales,Rhodocyclaceae,1186500,1222900,998200,1753900,1097700,675800,1779300,1701200,1632900,592500,473500,372600,548100,670300,449700,1199000,1112100,1338100,448100,397400,210700,478100,456500,381200
Bacteria,Bacteroidota,Bacteroidia,Flavobacteriales,Flavobacteriaceae,776900,428700,884300,756900,1566800,1415900,727100,1241800,512900,110400,168600,1533900,105100,189500,175200,759700,1134000,2432700,80400,107900,228500,205200,558200,543400
Bacteria,Bacteroidota,Bacteroidia,Chitinophagales,Saprospiraceae,368700,500800,1117300,471200,295600,221500,432900,356200,182200,899900,585500,412300,941000,973000,663700,189600,141200,175500,784300,576000,393900,422100,484900,377700
Bacteria,Bacteroidota,Bacteroidia,Chitinophagales,Chitinophagaceae,623500,436000,742200,525500,346400,390100,465300,543800,972300,285300,280300,584000,349300,298400,257100,473000,437500,512800,253900,188300,284500,385100,579600,506000
Bacteria,Proteobacteria,Gammaproteobacteria,Burkholderiales,Comamonadaceae,530100,600500,1082200,300200,330600,294500,303500,469600,888900,127400,350500,280100,189700,389100,482800,105100,110200,160300,102700,231900,256300,192700,552000,586200
Bacteria,Proteobacteria,Gammaproteobacteria,Xanthomonadales,Rhodanobacteraceae,322900,116400,251900,86000,105900,107000,86500,98000,175100,128900,244900,580500,129900,169700,230800,63200,51100,72300,82500,153300,362300,137400,276900,252000
Bacteria,Bacteroidota,Bacteroidia,Flavobacteriales,NS9_marine_group,332200,181100,269400,247800,133300,187400,229500,254200,294300,80900,109600,171300,70300,110800,165700,281200,196900,258700,38800,94800,139700,79000,164500,161100
Bacteria,Proteobacteria,Gammaproteobacteria,Pseudomonadales,Moraxellaceae,14400,74400,44200,91300,392400,252900,86800,12300,19200,20300,617200,785600,63200,31300,10100,29300,34200,107700,43500,349700,737800,41100,21600,15500
Bacteria,Chloroflexi,Anaerolineae,Anaerolineales,Anaerolineaceae,28900,39100,54200,242000,63400,40600,237300,123400,144600,230800,86500,32800,311400,300000,180900,436100,232800,157300,244100,98000,45700,107800,138300,114300
Bacteria,Bacteroidota,Bacteroidia,Sphingobacteriales,env.OPS_17,55300,163000,93000,88300,26300,9600,83200,160900,165500,175200,211600,48800,188600,249800,78800,81800,114400,67600,161800,285200,225800,93600,130500,109300
Bacteria,Bacteroidota,Bacteroidia,Sphingobacteriales,AKYH767,62100,64700,77000,101800,41700,36000,104200,78900,105100,143500,98500,84300,138600,178700,131700,171700,114800,117100,105000,106900,77500,92600,238600,236800
Bacteria,Bacteroidota,Bacteroidia,Chitinophagales,37-13,92400,71800,56300,48600,33000,13400,42500,81400,92800,178600,63200,43400,201200,209100,154100,41000,54000,173100,183800,110700,84600,128500,188100,149000
Bacteria,Bacteroidota,Bacteroidia,Cytophagales,Microscillaceae,173900,124300,192500,133200,122200,113800,129700,139000,170400,17900,10000,19500,19300,28100,19800,202600,162300,293500,16000,15800,20100,7300,22200,22200
Bacteria,Bdellovibrionota,Bdellovibrionia,Bdellovibrionales,Bdellovibrionaceae,213400,55100,82700,24000,3700,8000,19000,12800,72400,24800,8900,29900,37000,28900,8400,23100,17100,49300,30400,11700,4700,16100,525200,597100
Bacteria,Proteobacteria,Gammaproteobacteria,Burkholderiales,Hydrogenophilaceae,50900,41400,23700,315100,125100,56400,320400,133800,82800,5500,4300,5300,7000,7000,3200,350500,94600,86700,4700,3700,3100,14400,9200,7100
Bacteria,Proteobacteria,Gammaproteobacteria,Pseudomonadales,Pseudomonadaceae,17000,14900,30300,13900,105000,69600,15200,15800,67300,7800,65900,403100,8600,53700,14500,7900,309400,394000,6400,20100,49700,10900,12500,11200
Bacteria,Bacteroidota,Bacteroidia,Chitinophagales,Family of Chitinophagales,21100,55500,35900,79800,27600,6600,82100,40600,13800,138600,45100,19100,191600,142800,48300,65200,39300,26400,137800,49400,21800,145500,114200,81200
Bacteria,Proteobacteria,Alphaproteobacteria,Rhodobacterales,Rhodobacteraceae,31900,9100,26200,11700,202300,440800,2100,11900,148000,2000,97300,326300,3900,5900,27600,1500,4300,28200,900,47100,159600,2400,19400,18100
Bacteria,Bacteroidota,Bacteroidia,Sphingobacteriales,NS11-12_marine_group,123600,117200,116100,165300,18000,25200,170500,173600,27400,17400,5400,5000,19000,23300,10900,117300,81600,44600,17200,9600,1700,53500,133700,135000
Bacteria,Bacteroidota,SJA-28,SJA-28,SJA-28,16300,9700,12000,50200,32300,44300,48300,46600,99600,91600,68400,54300,89300,112000,80400,59500,37000,37800,74800,49900,39400,82300,195500,180300
Bacteria,Proteobacteria,Alphaproteobacteria,Sphingomonadales,Sphingomonadaceae,167000,44400,77800,42200,82400,65900,41900,68700,172300,40500,44200,33300,35000,53900,54200,21400,23400,72600,18700,45700,43800,43200,85600,86400
Bacteria,Proteobacteria,Alphaproteobacteria,Caulobacterales,Caulobacteraceae,34300,25600,127900,15500,37000,351900,11900,20600,37700,18100,35000,394000,15600,19300,25600,4900,4100,23000,7100,11300,81100,19000,48100,44600
Bacteria,Proteobacteria,Gammaproteobacteria,Alteromonadales,Alteromonadaceae,4000,2500,2900,7600,8900,947300,3100,3900,20000,2400,16800,278300,700,2000,0,3200,7800,5100,1300,5900,68300,1200,3100,2900
Bacteria,Proteobacteria,Gammaproteobacteria,Burkholderiales,Sutterellaceae,9400,7300,7100,7600,2800,3900,4400,3700,8700,25700,131700,164500,38400,107800,145900,2200,2900,2800,25300,152700,190800,21700,81800,85700
Bacteria,Spirochaetota,Leptospirae,Leptospirales,Leptospiraceae,12400,17200,16000,22500,12000,10900,13800,11300,38900,231900,14200,6000,226700,120800,14100,13700,7000,8300,196800,27100,5400,75500,18600,6100
Bacteria,Nitrospirota,Nitrospiria,Nitrospirales,Nitrospiraceae,27300,13300,8200,101200,31300,32800,101600,54100,42200,64500,89300,52100,52400,68700,31100,59300,29500,29000,39700,65200,32600,24400,35000,30100
Bacteria,Planctomycetota,OM190,OM190,OM190,46600,41300,45800,38400,18800,5200,39100,33900,32100,89700,38400,15100,84900,78100,68600,133300,47300,27700,40700,33000,14300,33500,37100,30800
Bacteria,Verrucomicrobiota,Verrucomicrobiae,Opitutales,Opitutaceae,22900,13200,13800,52300,14000,6800,47800,23600,18600,82800,46700,38100,92500,67500,50000,53300,18400,9600,65800,43600,41800,92600,67700,42500
Bacteria,Bacteroidota,Bacteroidia,Flavobacteriales,Cryomorphaceae,22500,27500,33700,112800,53700,13100,103300,240800,24600,1100,1100,2200,1300,3500,2400,111600,154900,66900,700,0,0,1000,1800,1300
Bacteria,Proteobacteria,Gammaproteobacteria,Burkholderiales,Nitrosomonadaceae,37300,17400,18500,39200,56500,32000,43300,40700,27400,57100,43300,51300,50100,53300,43400,34300,18200,32100,34200,53500,48200,31900,43900,39000
Bacteria,Bacteroidota,Bacteroidia,Order of Bacteroidia,Family of Bacteroidia,2100,8300,6900,6700,2500,3100,5100,5300,6000,52800,54100,90400,62300,77500,74700,14900,6600,6900,44800,63000,98300,52300,64500,50900
Bacteria,Proteobacteria,Gammaproteobacteria,Burkholderiales,Chitinimonadaceae,2400,7000,5100,17600,27400,9400,18300,16100,16800,41500,125800,49600,80500,69200,40800,8800,5000,7800,34900,125200,50500,38500,33100,25500
Bacteria,Verrucomicrobiota,Verrucomicrobiae,Verrucomicrobiales,Verrucomicrobiaceae,26800,43000,20400,71700,10300,4900,71300,44900,72700,50200,21400,6400,58100,51500,23300,42500,14700,6200,31800,13200,4900,34500,33900,24300
Bacteria,Bacteroidota,Bacteroidia,Sphingobacteriales,Lentimicrobiaceae,20700,5600,9100,20200,9400,5300,16300,9000,13200,44400,38200,23500,53300,56700,47900,21900,10100,6300,31500,26800,16300,50200,119900,110700
Bacteria,Proteobacteria,Alphaproteobacteria,Caulobacterales,Hyphomonadaceae,71500,24000,90100,37300,30900,32000,32700,35000,62800,11800,18300,25000,9900,18400,33400,30600,27000,39300,9100,12000,20500,7500,43200,37600
Bacteria,Verrucomicrobiota,Verrucomicrobiae,Pedosphaerales,Pedosphaeraceae,11500,15000,10300,30800,10900,2000,32200,19900,26700,90200,31000,11200,105400,92300,35400,20200,6700,7300,59800,26300,6900,32700,41700,32100
Bacteria,Cyanobacteria,Vampirivibrionia,Obscuribacterales,Obscuribacteraceae,8600,14500,15700,40600,16000,11500,34500,18800,35100,52100,34600,26600,56400,44400,24500,37800,15600,9000,45600,18600,17900,41900,45200,40400
Bacteria,Proteobacteria,Gammaproteobacteria,Competibacterales,Competibacteraceae,2100,400,1800,4400,1800,0,2200,0,4300,109000,54600,39500,60800,144500,57500,1000,900,1600,36200,52300,36800,23900,24000,27900
Bacteria,Bacteroidota,Kapabacteria,Kapabacteriales,Kapabacteriales,4900,8300,7600,13500,2600,1700,9100,2000,4500,32300,11000,6100,48900,53900,38300,44900,39900,10100,41800,63400,31500,23500,92800,92000
Bacteria,Bacteroidota,Kryptonia,Kryptoniales,BSV26,3600,6700,7000,29700,4900,2500,29300,10600,5300,39800,32200,30900,35600,52400,36400,133900,32500,9000,29500,22600,20700,9400,15800,13200
Bacteria,Proteobacteria,Gammaproteobacteria,Cellvibrionales,Halieaceae,76600,30000,28600,63900,40600,31800,66500,37600,78500,900,1000,0,0,1400,0,66800,23200,17100,0,1000,600,0,1300,1100
Bacteria,Proteobacteria,Alphaproteobacteria,Rhizobiales,A0839,5500,2200,3800,7300,3000,4000,6600,4300,8000,32000,27500,69500,36500,41100,24900,7800,4800,4800,25500,27200,50800,29600,63600,63500
Bacteria,Proteobacteria,Alphaproteobacteria,Micavibrionales,Family of Micavibrionales,80200,11400,11600,7500,5900,4100,5000,18800,19500,13700,10400,12300,16200,15100,26200,9400,5700,5300,12300,12100,12200,11100,94600,110300
Bacteria,Myxococcota,Polyangia,Nannocystales,Nannocystaceae,8500,25100,5800,2100,1700,1300,2800,4000,4700,23500,19400,6600,21200,27500,33300,20000,12100,2200,8200,9100,3800,57000,120300,107700
Bacteria,Myxococcota,Polyangia,Haliangiales,Haliangiaceae,3800,5900,4900,8200,4800,800,7000,7300,7700,78600,37400,7500,106800,35700,19600,6600,2800,1700,87300,14500,10500,34200,21000,12000
Bacteria,Proteobacteria,Gammaproteobacteria,Xanthomonadales,Xanthomonadaceae,20600,18400,34700,7000,23600,93000,5600,10500,35000,8300,13300,68000,8700,13900,21400,2300,4800,11400,6300,9200,15100,4000,26800,22900
Bacteria,Bacteroidota,Bacteroidia,Sphingobacteriales,Sphingobacteriaceae,55600,47200,89200,26000,28800,5300,23600,33700,10200,800,800,1800,1300,1600,1600,27300,30600,50800,1800,2000,1600,3400,6000,5100
Bacteria,Latescibacterota,Latescibacterota,Latescibacterota,Latescibacterota,6200,1500,3100,11300,7000,4300,11600,9800,12600,17700,16500,12700,19200,25000,22900,99900,38700,32600,9900,17600,11400,14800,19700,18200
Bacteria,Bacteroidota,Bacteroidia,Cytophagales,Spirosomaceae,2000,5800,12400,2500,2100,700,900,2000,2300,13200,65300,35500,3700,11400,30000,600,1200,1400,3200,45600,174700,1600,11500,10100
Bacteria,Acidobacteriota,Vicinamibacteria,Subgroup_17,Subgroup_17,23400,23900,22100,33400,6600,1900,39100,20700,18400,10000,9200,5300,17000,20300,7200,39600,14500,5400,5200,6800,5000,21400,34600,29600
Bacteria,Bacteroidota,Ignavibacteria,Ignavibacteriales,Ignavibacteriaceae,4400,2400,12500,14200,5600,6800,14200,9200,10400,16800,26800,41500,25200,20500,17000,10400,8600,5300,22800,13900,30300,21100,37600,30800
Bacteria,Proteobacteria,Gammaproteobacteria,Methylococcales,Methylomonadaceae,0,1300,800,9100,0,1100,9000,1400,1500,57000,22100,3000,73500,54500,17400,4200,1300,0,64300,17100,1100,30400,13700,6200
Bacteria,Acidobacteriota,Vicinamibacteria,Vicinamibacterales,Family of Vicinamibacterales,5100,4200,4700,24200,5400,1000,26800,18300,15500,16700,16800,10300,16400,14500,10100,48600,21300,6300,13100,12300,9900,29400,20600,14000
Bacteria,Proteobacteria,Gammaproteobacteria,Oceanospirillales,Halomonadaceae,3400,11900,8100,21000,8100,2700,23900,14200,13900,21600,17000,7100,20600,18000,8500,46400,18000,7700,17700,5100,3700,21700,13100,9400
Bacteria,Chloroflexi,Anaerolineae,SBR1031,A4b,1800,1700,1600,3600,800,1300,3000,1900,7300,17100,36100,29100,35500,26100,34700,1000,0,0,28100,26700,21500,15900,19900,18400
Bacteria,Bacteroidota,Bacteroidia,Bacteroidales,Prolixibacteraceae,10400,5700,4100,30000,9700,5600,24500,5800,5000,13400,11000,9300,10400,16200,12900,32900,9300,7700,9400,9600,11200,19700,21600,16900
Bacteria,Bdellovibrionota,Bdellovibrionia,Bacteriovoracales,Bacteriovoracaceae,13300,4100,8100,5900,900,1100,5000,10900,157000,3100,2000,900,4100,3600,1500,5200,11900,1500,5200,1700,500,3400,25300,35700
Bacteria,Planctomycetota,Phycisphaerae,Phycisphaerales,Phycisphaeraceae,3800,0,1000,7200,4400,2700,4500,4100,7500,26400,21000,15500,28900,22300,26900,10700,4300,4900,12400,9700,16900,17100,23900,22200
Bacteria,Myxococcota,Polyangia,Polyangiales,Sandaracinaceae,4000,7900,4900,2300,3400,1200,5200,6200,3700,33500,15600,4200,30900,25600,19800,12400,6000,2400,19600,12100,5700,15900,20900,22800
Bacteria,Acidobacteriota,Blastocatellia,Blastocatellales,Blastocatellaceae,11300,3100,9100,16000,4000,3700,14200,12100,20200,14900,5200,3700,16500,18200,7700,10200,8700,7100,14400,7800,3100,11000,29500,23800
Bacteria,Acidobacteriota,Vicinamibacteria,Vicinamibacterales,Vicinamibacteraceae,8300,2500,1600,8900,8600,6700,12300,14800,15000,11500,22200,14100,12600,15400,23400,7200,6800,5600,3400,20900,16600,5600,14000,15600
Bacteria,Bacteroidota,Bacteroidia,Sphingobacteriales,LiUU-11-161,1000,600,600,700,0,0,800,500,1200,26400,14200,14500,30300,33100,20400,0,0,500,22800,14000,6100,16200,30200,27800
Bacteria,Chloroflexi,Chloroflexia,Chloroflexales,Roseiflexaceae,0,400,400,1300,0,0,0,700,2900,26700,11200,23100,33700,31500,22300,0,0,900,19800,15100,33500,8600,13200,11700
Bacteria,Proteobacteria,Alphaproteobacteria,Azospirillales,Azospirillales_Incertae_Sedis,2600,0,700,1600,800,0,1700,0,5600,33400,22800,4600,59700,26500,10600,2100,1300,1000,38800,7300,3300,10500,9600,5500
Bacteria,Planctomycetota,Planctomycetes,Pirellulales,Pirellulaceae,8900,9200,9600,21000,13000,17000,17700,11900,21800,12600,8300,8700,10700,14100,7200,22300,5900,3900,7500,3200,3200,4100,2400,2000
Bacteria,Proteobacteria,Alphaproteobacteria,Rhizobiales,Rhizobiaceae,22300,12600,13500,3700,26200,36600,5200,11700,36200,1100,2100,33300,700,3900,3900,0,2100,12200,0,2200,4700,900,2600,3900
Bacteria,Myxococcota,Polyangia,mle1-27,mle1-27,1300,7200,6400,4800,4300,2700,7000,7200,4700,28900,5700,2700,26100,18100,10000,5100,3900,3500,15400,4600,4500,22800,19800,16500
Bacteria,Bacteroidota,Bacteroidia,Sphingobacteriales,KD3-93,2500,20000,8000,14300,700,0,12000,16500,2300,9800,6100,1500,16400,16200,7500,18700,16100,6100,10200,4200,0,13600,12100,11000
Bacteria,Bacteroidota,Bacteroidia,Flavobacteriales,Crocinitomicaceae,19800,12300,7900,7200,1000,800,10600,12200,3700,5200,3800,7700,6400,9500,4800,11800,22400,20700,2800,1600,0,4500,24600,24100
Bacteria,Proteobacteria,Gammaproteobacteria,Cellvibrionales,Spongiibacteraceae,9000,4400,4600,26600,14100,5400,26200,6600,16200,4500,6100,12100,3300,7800,3500,26000,7400,7700,3600,7000,6300,6100,5900,4800
Bacteria,Gemmatimonadota,Gemmatimonadetes,Gemmatimonadales,Gemmatimonadaceae,9700,2300,800,4700,3000,3200,8300,9300,9300,10200,8600,8000,8600,11500,15700,14000,6900,4800,4900,6900,6600,12200,24600,22700
Bacteria,Verrucomicrobiota,Omnitrophia,Omnitrophales,Omnitrophaceae,2800,1800,2000,23000,2800,1900,22700,10000,5800,13600,4700,3400,18100,13000,4800,29200,7600,3000,11400,3900,1400,10300,11600,7600
Bacteria,Proteobacteria,Gammaproteobacteria,Burkholderiales,Burkholderiaceae,6500,3400,5400,6700,9400,9400,5400,4600,17300,5800,14100,19600,8300,12100,6800,2200,1700,5100,5000,12300,13700,4900,18200,13800
Bacteria,Proteobacteria,Gammaproteobacteria,Burkholderiales,Neisseriaceae,0,0,900,2300,1100,1500,0,0,0,2200,7900,62400,3600,36700,42900,1900,0,0,600,28300,17400,1200,0,0
Bacteria,Myxococcota,Polyangia,Polyangiales,Polyangiaceae,0,3400,2100,1500,0,0,0,0,0,37300,13900,5400,26100,21500,11900,1200,300,0,20700,11800,5800,19900,13500,9500
Bacteria,Acidobacteriota,Blastocatellia,11-24,11-24,2000,1300,1500,3700,1300,900,4100,2900,2800,23600,13300,4700,21900,27700,16900,2700,1400,1200,18200,11200,6900,8500,11400,9900
Bacteria,Chloroflexi,Anaerolineae,Caldilineales,Caldilineaceae,1300,1700,1800,8800,3500,2300,6800,1700,4000,11800,10200,5100,15800,19100,11900,11800,6000,4800,14600,4800,9900,8900,18500,13800
Bacteria,Proteobacteria,Alphaproteobacteria,Order of Alphaproteobacteria,Family of Alphaproteobacteria,2500,0,400,15600,9100,6600,15900,10600,20900,5900,8100,8200,7500,9400,10600,11400,5500,5200,5500,7800,6200,2200,9200,7800
Bacteria,Armatimonadota,Fimbriimonadia,Fimbriimonadales,Fimbriimonadaceae,4100,5100,17100,10100,3400,3400,8700,5100,6400,12600,5400,3800,19600,17400,8800,5100,4100,2500,10200,6400,5600,4000,10300,11100
Bacteria,Acidobacteriota,Acidobacteriae,Acidobacteriae,Acidobacteriae,4100,4400,2700,9700,4700,1100,8200,9800,8200,12100,9300,10400,15700,15200,6500,5900,2600,900,10600,3100,6200,9800,14000,12600
Bacteria,Myxococcota,Myxococcia,Myxococcales,Myxococcaceae,2100,2900,3100,3800,1800,3100,3500,1800,8300,13400,5500,4100,13100,12300,10900,13700,2600,4700,8800,7600,3900,17000,22200,17600
Bacteria,Bacteroidota,Bacteroidia,Flavobacteriales,Weeksellaceae,600,0,0,1000,2900,3200,1200,1900,1500,0,9300,148800,0,600,0,800,1200,4300,0,0,3200,1000,600,900
Bacteria,Proteobacteria,Gammaproteobacteria,Burkholderiales,Aquaspirillaceae,2300,4400,58300,2100,4800,33700,1400,3100,8400,0,4700,17100,1500,2100,2300,0,1400,5000,0,500,7900,2300,8100,6700
Bacteria,Proteobacteria,Gammaproteobacteria,Burkholderiales,B1-7BS,1200,500,1100,0,0,800,0,0,1600,18500,7800,3100,27900,22700,7900,0,0,0,15100,18700,2300,19600,11700,8200
Bacteria,Elusimicrobiota,Elusimicrobia,MVP-88,MVP-88,0,300,0,600,0,200,0,0,700,24400,11400,3700,26600,25900,14400,0,0,0,18100,8600,4000,9000,6900,4300
Bacteria,Bacteroidota,Bacteroidia,Bacteroidales,Paludibacteraceae,0,0,0,31500,4900,2800,24500,2400,7800,1500,2400,900,1300,0,0,37600,4400,2800,0,0,0,8600,11600,10700
Bacteria,Acidobacteriota,Thermoanaerobaculia,Thermoanaerobaculales,Thermoanaerobaculaceae,2500,3600,1300,9000,10400,3700,9400,5900,2000,12600,15500,6600,11700,10100,3700,2600,2600,1400,4200,13700,6500,6200,4200,1400
Bacteria,Chloroflexi,Anaerolineae,Ardenticatenales,Family of Ardenticatenales,1400,0,0,1600,0,0,0,0,2500,13300,14900,11600,15200,18300,14500,2400,1500,0,11300,14000,11800,3200,6400,6400
Bacteria,Actinobacteriota,Acidimicrobiia,Microtrichales,Microtrichaceae,800,1500,0,3600,29400,28000,3400,4300,5700,3000,10700,16700,2300,1600,0,3300,0,1100,2000,4400,17000,2500,3600,4500
Bacteria,Proteobacteria,Gammaproteobacteria,Burkholderiales,Oxalobacteraceae,500,5600,91900,4200,700,600,3200,600,1900,2100,1900,0,2700,2500,1400,1400,700,1600,400,0,0,2000,10800,11700
Bacteria,Firmicutes,Clostridia,Peptostreptococcales-Tissierellales,Fusibacteraceae,2100,0,1300,38900,12700,16200,38700,8100,6700,0,1500,1700,400,0,0,10700,4900,3100,0,0,0,0,0,0
Bacteria,Chloroflexi,Anaerolineae,RBG-13-54-9,RBG-13-54-9,700,600,700,1100,0,0,0,0,1400,10100,11200,15200,11900,11600,4400,200,0,0,10700,13100,15200,14300,11800,10500
Bacteria,Bacteroidota,Bacteroidia,Bacteroidales,Bacteroidetes_vadinHA17,0,0,0,1500,0,0,0,0,1300,15800,6200,6700,13100,13100,6900,1600,0,0,12900,8700,3700,12300,11800,9600
Bacteria,Proteobacteria,Gammaproteobacteria,Aeromonadales,Aeromonadaceae,1900,5800,29600,5800,10100,6900,5000,900,6800,2100,8100,4400,3200,1800,1100,1900,1400,3100,8800,4300,4400,2100,2000,600
Bacteria,Bdellovibrionota,Oligoflexia,0319-6G20,0319-6G20,500,14200,8100,7800,800,0,9800,3400,2800,8000,1400,1100,9200,5900,3200,8000,1200,700,8700,3700,900,11500,6800,3000
Bacteria,Chloroflexi,Anaerolineae,SBR1031,SBR1031,400,0,0,800,0,0,0,0,1300,11800,9900,8900,18300,19700,12900,0,0,0,11800,8200,3500,1000,5300,3400
Bacteria,Bacteroidota,Ignavibacteria,Ignavibacteriales,PHOS-HE36,2000,1900,900,3200,2500,1800,3900,1600,2700,7000,8000,9600,7600,9300,7900,4900,2200,1900,5700,4300,5800,4400,9000,7400
Bacteria,Proteobacteria,Alphaproteobacteria,Rhizobiales,Family of Rhizobiales,800,0,0,2900,4800,12600,1900,4200,37300,0,1200,7900,0,1100,9300,1500,1700,5100,800,700,6200,500,6600,7400
Bacteria,Chloroflexi,Anaerolineae,1-20,1-20,500,0,300,1400,0,0,0,0,1900,10300,12100,11000,9100,12800,9100,0,500,0,10600,5400,5700,5600,6400,7000
Bacteria,SAR324_clade(Marine_group_B),SAR324_clade(Marine_group_B),SAR324_clade(Marine_group_B),SAR324_clade(Marine_group_B),200,1100,0,1700,1300,200,5200,2500,1000,11700,4900,5000,10600,10300,4000,9800,3900,1300,8100,6400,5000,1800,6600,5100
Bacteria,Planctomycetota,Planctomycetes,Planctomycetales,Rubinisphaeraceae,3700,5500,5600,9100,8700,7900,10600,7600,7100,2200,2600,3500,4300,4900,2600,600,2300,300,2800,1000,1200,3500,4700,3500
Bacteria,Fibrobacterota,Fibrobacteria,Fibrobacterales,Fibrobacteraceae,0,5500,3900,0,0,0,0,0,0,17700,1300,0,26000,4300,0,0,0,0,26400,1200,0,10800,4000,1100
Bacteria,Proteobacteria,Alphaproteobacteria,Rhodospirillales,Family of Rhodospirillales,1600,0,0,7800,1800,1800,4500,6100,42600,3500,2300,2800,2600,2200,1900,5800,1200,5000,2400,2900,1700,0,0,0
Bacteria,Proteobacteria,Gammaproteobacteria,Gammaproteobacteria_Incertae_Sedis,Unknown_Family,4000,500,800,3400,3100,1700,3200,1700,4800,6100,8300,9100,6900,3400,6300,6000,0,1100,6300,5500,5300,4100,4600,4000
Bacteria,Bacteroidota,Bacteroidia,Cytophagales,Cyclobacteriaceae,13600,1800,3200,1700,1800,1300,1600,4800,1500,1100,700,1800,1000,1400,0,4200,14500,29300,0,1200,2300,800,2900,3800
Bacteria,Bacteroidota,Bacteroidia,Bacteroidales,Williamwhitmaniaceae,900,0,0,16400,4000,1800,17100,3300,2600,1000,4200,0,3500,600,600,30100,6300,500,1900,0,0,500,0,0
Bacteria,Hydrogenedentes,Hydrogenedentia,Hydrogenedentiales,Hydrogenedensaceae,2500,3100,900,7600,1000,1200,7700,4400,8800,8500,4100,1700,5200,7200,2500,5200,1100,2700,4900,2800,1800,3100,3700,2600
Bacteria,Proteobacteria,Gammaproteobacteria,Ga0077536,Ga0077536,0,2600,2700,10700,3600,900,12400,4100,1100,5200,2500,1300,3600,3200,3900,11300,3100,1200,3400,4300,900,3400,4500,2900
Bacteria,Bacteroidota,Bacteroidia,Bacteroidales,Tannerellaceae,1200,500,700,25000,9700,6800,28500,1900,1300,0,5200,2600,0,900,0,7600,0,0,0,700,0,0,0,0
Bacteria,Planctomycetota,Class of Planctomycetota,Order of Planctomycetota,Family of Planctomycetota,500,0,200,1000,0,0,1900,500,1500,14500,500,500,18800,9600,8600,9100,2700,1600,6600,1600,900,5600,3800,1500
Bacteria,Acidobacteriota,Holophagae,Subgroup_7,Subgroup_7,700,0,0,800,500,500,0,0,800,5700,5800,9100,6600,3700,3800,0,0,0,3700,8200,7800,9900,12900,10100
Bacteria,Acidobacteriota,Holophagae,Holophagales,Holophagaceae,800,1400,1300,12800,6800,2900,15400,10300,7800,2500,5500,1100,1500,1800,1000,5000,600,1300,5100,800,1300,1500,0,0
Bacteria,Proteobacteria,Gammaproteobacteria,CCM19a,CCM19a,3300,2000,1000,7900,5100,2800,7600,3800,4800,3600,3700,2000,4400,3100,2900,9400,3600,2800,4000,3200,2900,4600,0,0
Bacteria,Desulfobacterota,Desulfuromonadia,PB19,PB19,7500,6000,8300,3800,1900,500,3400,1900,1800,10800,2300,2000,5900,6800,6200,1000,2200,2300,4800,3700,1900,2100,500,0
Bacteria,Proteobacteria,Alphaproteobacteria,Micropepsales,Micropepsaceae,4800,3400,3700,5400,2100,2800,7800,2900,6000,2500,1800,1900,3500,2300,2500,4800,2600,1600,1600,2000,1700,6500,6400,5200
Bacteria,Myxococcota,Polyangia,Polyangiales,Phaselicystidaceae,2200,4000,2100,0,1300,0,0,1900,2200,12000,4800,2700,11200,7900,5800,2200,0,1100,8100,3700,1100,6000,1800,2000
Bacteria,Proteobacteria,Alphaproteobacteria,Acetobacterales,Acetobacteraceae,4800,1700,2100,1900,2000,2000,2600,1800,4400,2900,4600,5600,4400,3700,3000,0,900,1800,2400,5300,4700,1900,7100,6600
Bacteria,Bacteroidota,Bacteroidia,Cytophagales,Cytophagaceae,0,3700,1600,0,0,0,0,0,0,3500,6200,7400,3100,8700,4200,0,0,0,1800,12500,18000,3500,1900,1200
Bacteria,Proteobacteria,Gammaproteobacteria,Burkholderiales,Gallionellaceae,1200,1500,1800,10600,11100,13300,9700,6600,6600,0,0,0,0,0,0,7600,2400,3400,0,0,0,0,0,0
Bacteria,Proteobacteria,Alphaproteobacteria,Rhizobiales,Rhizobiales_Incertae_Sedis,0,600,600,3200,1600,5600,5100,1700,4900,3400,2100,5100,5000,4800,1400,4100,1500,1800,2700,2100,4500,6500,3000,4100
Bacteria,Firmicutes,Bacilli,Brevibacillales,Brevibacillaceae,3100,3000,3400,5100,2900,2000,2000,2100,10800,2900,3100,2000,2400,10600,2200,1600,2100,3300,1600,1100,1500,800,2800,1700
Bacteria,Proteobacteria,Alphaproteobacteria,Rhizobiales,Devosiaceae,2300,1300,1800,1700,3800,4100,1600,1600,5300,3500,3100,5700,5300,4000,3400,1300,600,2800,1700,4600,2000,3300,5400,3800
Bacteria,Planctomycetota,BD7-11,BD7-11,BD7-11,0,1400,1200,9600,0,0,9000,1200,1200,7300,2500,3100,4400,6200,5100,8400,800,0,2800,4100,2200,700,900,700
Bacteria,Proteobacteria,Alphaproteobacteria,Rhizobiales,Xanthobacteraceae,1400,2200,5700,0,2500,5500,1900,2200,17100,1900,4300,4700,1900,3000,1800,0,0,2500,1200,2100,3500,0,4400,2900
Bacteria,Actinobacteriota,Actinobacteria,Micrococcales,Intrasporangiaceae,1100,0,1300,0,0,1000,0,0,900,4200,4400,7100,7700,5100,4400,0,0,0,2900,5400,5700,7300,9000,4500
Bacteria,Proteobacteria,Gammaproteobacteria,Immundisolibacterales,Immundisolibacteraceae,0,8600,2200,5300,0,0,10700,600,0,7600,11200,1200,6800,4700,0,4800,0,0,2300,0,0,3200,1800,0
Bacteria,Proteobacteria,Gammaproteobacteria,Burkholderiales,SC-I-84,0,0,0,0,0,800,0,500,800,5300,3600,5400,8200,4400,1200,800,0,0,4900,4700,6700,6400,9600,7500
Bacteria,Verrucomicrobiota,Verrucomicrobiae,Verrucomicrobiales,DEV007,0,2500,1500,3100,1100,1100,3800,1100,4900,2800,2300,500,2300,4300,2000,8400,4000,8500,2100,900,0,6100,4700,1600
Bacteria,Bacteroidota,Bacteroidia,Bacteroidales,Rikenellaceae,0,0,0,18500,4500,900,19500,1900,1900,0,700,0,0,0,0,20400,700,0,0,0,0,0,0,0
Bacteria,Proteobacteria,Gammaproteobacteria,R7C24,R7C24,0,900,0,3700,2200,600,2600,1200,4000,5500,5300,4400,5700,3600,3700,4300,2400,0,3800,4100,2000,4000,2700,2200
Bacteria,Proteobacteria,Gammaproteobacteria,PLTA13,PLTA13,0,0,0,300,0,0,0,0,0,9000,7700,7300,8000,8500,8800,0,0,0,2700,6100,4300,0,3600,2000
Bacteria,Chloroflexi,OLB14,OLB14,OLB14,1200,0,0,1000,700,0,0,2000,1700,13600,5800,4700,6200,9700,4900,800,400,0,2200,3600,2700,1100,1300,1000
Bacteria,Actinobacteriota,Acidimicrobiia,Microtrichales,Iamiaceae,2700,2400,1000,1600,3800,2500,2100,5100,2300,5400,4300,5600,3100,2900,2700,2000,1000,500,1700,2300,6500,1400,900,0
Bacteria,Bacteroidota,Bacteroidia,Bacteroidales,Bacteroidaceae,0,400,0,22500,4400,3900,21000,1300,1200,500,300,1800,900,0,0,3700,0,300,600,0,0,0,0,0
Bacteria,Cyanobacteria,Sericytochromatia,Sericytochromatia,Sericytochromatia,1200,1200,700,200,0,0,0,300,1200,800,500,400,1000,1600,600,0,0,0,1400,500,200,1700,22900,24700
Bacteria,Proteobacteria,Alphaproteobacteria,Rickettsiales,SM2D12,12900,2700,10500,2600,600,700,2500,3700,13300,0,0,0,0,0,0,4100,1900,2500,0,0,0,0,0,0
Bacteria,Proteobacteria,Alphaproteobacteria,Rhizobiales,Hyphomicrobiaceae,2300,0,0,2900,5400,6700,1800,4000,7400,0,0,0,800,3000,2800,3900,3700,3700,1900,1100,2500,0,1500,0
Bacteria,Firmicutes,Bacilli,Bacillales,Bacillaceae,2100,1800,2900,2600,2200,1400,1400,1000,9900,900,1900,1900,1100,9900,1100,1400,0,1800,1000,700,0,1500,2100,1200
Bacteria,Acidobacteriota,Acidobacteriae,Bryobacterales,Bryobacteraceae,0,600,0,800,0,600,0,1400,1600,5600,3900,5400,4400,5100,4700,1500,0,0,4300,1900,0,1400,4100,2900
Bacteria,Desulfobacterota,Desulfuromonadia,Bradymonadales,Bradymonadales,400,0,0,0,700,0,0,0,700,5400,1400,0,2800,6500,3800,300,200,400,3300,4100,900,2000,7400,9000
Bacteria,Proteobacteria,Gammaproteobacteria,Steroidobacterales,Steroidobacteraceae,1600,0,0,2200,1600,1600,3500,1700,2700,3500,2900,3300,1100,3400,2800,2600,1300,700,1400,700,2300,1400,3500,3500
Bacteria,Acidobacteriota,Acidobacteriae,Elev-16S-1166,Elev-16S-1166,0,0,0,0,0,0,0,0,0,6200,7000,2300,6200,8500,4900,0,0,900,2700,2400,3300,0,2800,500
Bacteria,Bacteroidota,Bacteroidia,Sphingobacteriales,ST-12K33,0,0,0,2300,2100,800,3400,1700,2200,2900,9200,5300,1300,2200,2000,3300,900,400,1200,2100,2100,1200,300,800
Bacteria,Actinobacteriota,Acidimicrobiia,Microtrichales,Ilumatobacteraceae,0,1300,0,2100,5000,9900,0,0,0,2600,5300,7300,1700,1200,0,0,0,0,1500,1800,6600,0,0,1300
Bacteria,Bacteroidota,Bacteroidia,Bacteroidales,SB-5,0,0,0,0,0,0,0,0,0,5000,2500,400,5400,6400,4000,0,0,0,6300,2000,700,3700,4800,4300
Bacteria,Proteobacteria,Gammaproteobacteria,Cellvibrionales,Cellvibrionaceae,0,28200,11600,0,0,0,500,0,0,0,0,0,0,0,0,0,0,0,0,0,0,1900,500,400
Bacteria,Fusobacteriota,Fusobacteriia,Fusobacteriales,Fusobacteriaceae,500,0,0,12100,3000,1300,13500,2800,1600,0,0,0,0,0,0,6800,700,600,0,0,0,0,0,0
Bacteria,Proteobacteria,Alphaproteobacteria,Rhodospirillales,Rhodospirillaceae,800,0,1100,3800,700,0,4200,1200,2000,1900,1500,700,2900,1800,600,8300,2300,5400,1100,0,900,400,0,1200
Bacteria,Proteobacteria,Alphaproteobacteria,Reyranellales,Reyranellaceae,2300,1200,1600,2600,5500,6300,3100,2700,13200,0,0,0,0,0,0,900,900,900,0,0,0,0,0,0
Bacteria,Sumerlaeota,Sumerlaeia,Sumerlaeales,Sumerlaeaceae,500,0,0,1300,0,0,1700,0,600,2200,800,800,4400,4400,4400,1900,500,0,4300,2000,1300,1800,4000,3600
Bacteria,Fibrobacterota,Chitinivibrionia,Order of Chitinivibrionia,Family of Chitinivibrionia,0,0,0,0,0,0,0,0,600,3800,4200,3700,4100,4700,4600,0,0,0,4100,4500,2100,1200,1500,900
Bacteria,Proteobacteria,Gammaproteobacteria,Ectothiorhodospirales,Thioalkalispiraceae,0,0,0,2600,0,0,4400,0,700,5100,1500,0,3500,2000,700,7100,2100,800,3100,1600,800,1500,2400,0
Bacteria,Proteobacteria,Alphaproteobacteria,Paracaedibacterales,Paracaedibacteraceae,0,900,0,600,1200,3000,800,1200,2900,4300,2700,2200,2700,2500,1900,0,0,4600,2200,4500,0,700,0,0
Bacteria,Bacteroidota,Bacteroidia,Cytophagales,Family of Cytophagales,0,0,0,0,0,0,0,0,0,2400,500,500,3700,5300,5100,0,0,0,4700,1000,1200,1800,6300,6300
Bacteria,Actinobacteriota,Acidimicrobiia,IMCC26256,IMCC26256,0,0,0,1100,2500,2700,2000,1300,1000,1600,7300,4300,1300,800,4100,0,0,0,1200,3400,3900,0,0,0
Bacteria,WPS-2,WPS-2,WPS-2,WPS-2,0,4800,1000,3600,300,0,1500,2000,1700,2500,2100,700,3100,1900,500,0,0,0,2800,1200,700,5600,1500,800
Bacteria,Myxococcota,Polyangia,Blfdi19,Blfdi19,0,1000,800,4000,1000,600,4300,1600,1400,700,0,0,1600,800,0,14300,2800,2600,500,0,0,0,0,0
Bacteria,Cyanobacteria,Vampirivibrionia,Vampirovibrionales,Vampirovibrionales,0,0,0,0,0,0,0,0,700,5100,4000,3000,4800,4600,4000,0,0,0,3900,4200,2600,0,0,0
Bacteria,Proteobacteria,Gammaproteobacteria,Burkholderiales,TRA3-20,1100,0,0,2900,1100,2800,3300,1500,5700,1900,0,1000,600,1900,700,2900,1200,2700,0,800,1000,0,1900,800
Bacteria,Proteobacteria,Alphaproteobacteria,Caedibacterales,Caedibacteraceae,0,9000,7100,3700,1000,1200,4200,1200,2300,0,0,0,400,0,0,4200,0,0,400,0,0,0,0,0
Bacteria,Proteobacteria,Alphaproteobacteria,Rhodospirillales,Magnetospirillaceae,0,1400,30900,0,0,0,0,0,1100,0,0,0,0,0,0,0,0,0,0,0,0,0,0,0
Bacteria,Desulfobacterota,Desulfovibrionia,Desulfovibrionales,Desulfomicrobiaceae,0,1200,0,8500,2900,1100,7800,3000,1800,0,0,800,0,0,0,3000,1500,1400,0,0,0,0,0,0
Bacteria,Planctomycetota,Phycisphaerae,Tepidisphaerales,CPla-3_termite_group,300,0,0,800,0,0,300,0,0,6000,2500,3100,5900,3800,1400,0,0,0,3500,1700,2700,600,0,400
Bacteria,Verrucomicrobiota,Kiritimatiellae,WCHB1-41,WCHB1-41,600,1800,0,2300,2100,0,3100,500,0,1900,3400,500,2900,1000,1700,300,0,400,900,800,700,900,3000,3900
Bacteria,Proteobacteria,Alphaproteobacteria,Ferrovibrionales,Ferrovibrionales,3000,200,1700,900,1700,5500,600,1300,7900,0,400,1700,0,600,600,1100,2000,2500,0,0,900,0,0,0
Bacteria,Acidobacteriota,Blastocatellia,DS-100,DS-100,500,0,0,800,0,0,0,0,0,6500,1800,2400,3000,5000,2000,0,0,0,1900,3300,2300,0,1500,800
Bacteria,Bacteroidota,Ignavibacteria,Ignavibacteriales,Melioribacteraceae,0,0,0,0,0,0,0,0,0,3700,2500,2000,2500,3600,2200,0,0,0,2400,1800,800,2700,2600,3800
Bacteria,Proteobacteria,Gammaproteobacteria,Thiotrichales,Thiotrichaceae,2900,2100,1300,800,1700,1100,1800,2700,14800,0,0,0,0,0,0,400,0,0,0,0,0,0,0,0
Bacteria,Firmicutes,Clostridia,Peptostreptococcales-Tissierellales,Sedimentibacteraceae,0,0,0,6100,500,500,6700,0,0,0,0,0,0,0,0,13400,1100,700,0,0,0,0,0,0
Bacteria,Firmicutes,Clostridia,Clostridiales,Clostridiaceae,0,0,9200,1300,0,3800,1200,0,0,0,0,2700,700,300,800,0,0,600,1100,600,900,1000,2200,2000
Bacteria,Firmicutes,Clostridia,Lachnospirales,Lachnospiraceae,0,0,0,14100,1000,0,13300,0,0,0,0,0,0,0,0,0,0,0,0,0,0,0,0,0
Bacteria,Proteobacteria,Alphaproteobacteria,Rhizobiales,Beijerinckiaceae,1200,2200,3100,0,1000,5700,0,0,0,0,0,2000,0,0,0,0,0,1200,1000,1300,0,2000,3800,3500
Bacteria,Bdellovibrionota,Oligoflexia,Oligoflexales,Family of Oligoflexales,0,0,0,0,0,0,0,0,200,4600,1700,0,5500,1400,300,4000,1500,0,6000,1300,400,0,0,0
Bacteria,Firmicutes,Bacilli,Lactobacillales,Carnobacteriaceae,0,2700,600,1500,2900,2100,0,0,2500,0,2600,2200,0,0,0,0,400,0,1000,1100,0,3300,1900,2100
Bacteria,Proteobacteria,Gammaproteobacteria,Run-SP154,Run-SP154,0,0,0,1900,1500,900,1800,0,1700,0,1200,1900,400,1200,800,4400,1400,1700,0,900,2500,1200,0,0
Bacteria,Myxococcota,Polyangia,Polyangiales,BIrii41,0,0,0,0,0,0,0,0,0,6300,1900,1600,6600,1300,0,0,0,0,5800,900,0,900,0,0
Bacteria,Planctomycetota,Planctomycetes,Planctomycetales,Family of Planctomycetales,1100,0,0,800,2100,1800,1100,600,2700,2100,0,600,1000,1200,1000,2200,1600,600,0,1100,1200,500,900,700
Bacteria,Firmicutes,Clostridia,Peptostreptococcales-Tissierellales,Peptostreptococcaceae,0,0,0,5400,600,1000,5600,1300,0,0,2100,0,700,1600,800,1400,0,600,600,0,800,0,1000,800
Bacteria,Proteobacteria,Gammaproteobacteria,Order of Gammaproteobacteria,Family of Gammaproteobacteria,0,0,0,0,0,0,0,0,0,3300,2700,2700,2400,1800,2100,0,0,0,2600,4000,2400,0,300,0
Bacteria,Proteobacteria,Alphaproteobacteria,Dongiales,Dongiaceae,1900,0,900,0,0,0,800,600,2700,1600,1700,0,800,1000,1100,1500,1600,3600,0,1000,700,0,1200,1300
Bacteria,Proteobacteria,Alphaproteobacteria,Micavibrionales,Micavibrionaceae,4200,600,0,900,0,0,600,800,5200,0,0,0,0,0,0,6400,2400,2100,0,0,0,0,0,700
Bacteria,Patescibacteria,Saccharimonadia,Saccharimonadales,Saccharimonadales,200,0,0,0,500,400,0,600,1800,2300,2700,1000,300,1500,1400,700,700,1200,2800,0,0,2800,1800,900
Bacteria,Planctomycetota,Planctomycetes,Planctomycetales,Schlesneriaceae,500,1300,0,1700,0,0,1000,1100,0,1800,2200,1600,1800,2100,2200,1500,600,0,1500,1500,1200,0,0,0
Bacteria,Proteobacteria,Alphaproteobacteria,Rickettsiales,AB1,300,0,0,2300,600,0,2900,1200,1400,0,0,0,0,0,0,8800,3200,2500,0,0,0,0,0,0
Bacteria,Firmicutes,Negativicutes,Acidaminococcales,Acidaminococcaceae,500,0,0,4800,2100,1200,4600,1500,1800,900,0,0,800,0,0,1500,500,700,600,0,0,1300,0,0
Bacteria,Firmicutes,Clostridia,Peptostreptococcales-Tissierellales,Acidaminobacteraceae,0,0,1500,5200,1300,0,6000,0,0,0,2800,800,0,0,0,3600,0,0,0,0,0,0,0,900
Bacteria,Spirochaetota,Spirochaetia,Spirochaetales,Spirochaetaceae,0,0,0,0,0,0,0,0,0,2800,1400,600,1700,1200,300,0,0,0,3900,0,0,5200,2600,2100
Bacteria,Patescibacteria,Gracilibacteria,Gracilibacteria,Gracilibacteria,0,0,0,0,0,0,0,0,0,0,0,0,900,800,0,0,0,0,1100,0,0,1000,8000,9300
Bacteria,Firmicutes,Bacilli,Erysipelotrichales,Erysipelotrichaceae,0,0,0,0,0,0,0,0,0,500,2800,14800,0,0,0,0,0,0,0,0,2800,0,0,0
Bacteria,Firmicutes,Bacilli,Bacillales,Planococcaceae,1400,900,1200,1400,0,0,300,500,3900,0,0,1600,1000,5300,0,0,900,1700,700,0,0,0,0,0
Bacteria,Actinobacteriota,Actinobacteria,PeM15,PeM15,0,0,0,0,0,0,0,0,0,2100,2100,2700,1900,1100,1300,0,0,0,1400,2000,4200,1400,0,0
Bacteria,Bacteroidota,Bacteroidia,Sphingobacteriales,KD1-131,0,0,0,0,0,0,0,0,0,1400,0,0,1400,0,0,0,0,0,0,0,0,5700,6200,4800
Bacteria,Firmicutes,Clostridia,Peptostreptococcales-Tissierellales,Anaerovoracaceae,600,0,0,4600,0,0,4300,0,0,0,0,0,0,0,0,6000,2200,1200,0,0,0,0,0,0
Bacteria,Planctomycetota,Phycisphaerae,Tepidisphaerales,Tepidisphaeraceae,0,0,0,0,0,0,0,0,0,900,1100,1400,3400,2100,900,0,0,0,2400,0,1000,800,2100,2800
Bacteria,Planctomycetota,Planctomycetes,Gemmatales,Gemmataceae,0,0,0,500,0,0,0,0,0,2000,2300,2400,1600,2700,1400,0,0,0,600,900,2200,400,300,0
Bacteria,Desulfobacterota,Desulfobulbia,Desulfobulbales,Desulfobulbaceae,0,0,700,2800,1500,1300,2100,2300,2500,0,0,0,0,0,0,0,600,2100,0,1300,0,0,0,0
Bacteria,Actinobacteriota,Actinobacteria,Propionibacteriales,Nocardioidaceae,0,500,400,800,2100,1700,0,0,0,1400,900,1400,1300,900,0,0,0,300,500,800,1600,0,1200,900
Bacteria,Chloroflexi,Anaerolineae,C10-SB1A,C10-SB1A,200,0,0,0,0,0,0,0,0,900,1800,700,2000,1800,2000,0,0,300,1300,1700,1400,400,700,800
Bacteria,Proteobacteria,Alphaproteobacteria,Rickettsiales,Rickettsiaceae,0,0,0,600,500,500,1300,0,900,500,1100,900,0,700,600,2300,400,0,0,1500,700,600,1100,1100
Bacteria,Planctomycetota,028H05-P-BN-P5,028H05-P-BN-P5,028H05-P-BN-P5,0,1000,800,2000,400,500,1800,800,1500,700,0,0,600,1100,0,2500,1200,0,0,0,200,0,0,0
Bacteria,Proteobacteria,Gammaproteobacteria,Oceanospirillales,Pseudohongiellaceae,0,900,0,4400,600,0,4200,0,0,0,0,0,0,0,0,4400,0,600,0,0,0,0,0,0
Bacteria,Verrucomicrobiota,Omnitrophia,Omnitrophales,Omnitrophales,800,1000,0,2000,0,0,3000,0,600,500,500,0,1600,0,400,1300,0,0,0,300,600,700,0,0
Bacteria,Actinobacteriota,Actinobacteria,Corynebacteriales,Mycobacteriaceae,0,0,0,0,0,900,700,0,600,1700,0,1700,1100,1400,700,1200,800,0,900,600,700,0,0,0
Bacteria,Proteobacteria,Gammaproteobacteria,Cellvibrionales,Porticoccaceae,0,1000,0,1100,0,0,2100,600,0,1000,0,900,1400,1000,0,600,0,0,800,700,0,1600,0,0
Bacteria,Patescibacteria,Parcubacteria,Order of Parcubacteria,Family of Parcubacteria,0,300,0,0,0,0,0,0,300,1300,0,0,3500,2600,600,0,0,0,2800,200,0,400,600,0
Bacteria,Planctomycetota,Phycisphaerae,Pla1_lineage,Pla1_lineage,0,0,0,400,0,0,0,300,0,1500,1600,800,900,1300,1100,600,0,0,1900,700,900,0,0,500
Bacteria,Cyanobacteria,Vampirivibrionia,Gastranaerophilales,Gastranaerophilales,0,0,0,0,0,0,0,0,0,2100,1500,900,1900,3100,1000,0,0,0,0,1000,0,0,0,0
Bacteria,Myxococcota,Myxococcia,Myxococcales,Anaeromyxobacteraceae,0,0,0,0,0,0,0,0,0,0,0,0,500,400,300,0,0,0,0,0,0,1700,4600,3300
Bacteria,Proteobacteria,Alphaproteobacteria,Rhizobiales,Pleomorphomonadaceae,0,0,0,0,500,2100,0,0,2200,0,0,900,900,1500,1000,0,0,0,0,700,900,0,0,0
Bacteria,Proteobacteria,Gammaproteobacteria,Oceanospirillales,Hahellaceae,0,0,0,0,0,0,0,0,0,0,0,0,0,0,0,2600,3200,4800,0,0,0,0,0,0
Bacteria,Bdellovibrionota,Oligoflexia,053A03-B-DI-P58,053A03-B-DI-P58,0,800,400,500,0,0,700,1600,0,0,0,0,0,600,0,0,1400,400,400,0,0,1200,900,1200
Bacteria,NB1-j,NB1-j,NB1-j,NB1-j,500,0,0,0,0,0,0,600,0,600,500,900,500,2000,1000,0,200,0,500,0,400,0,700,0
Bacteria,Bacteroidota,Bacteroidia,Bacteroidales,Dysgonomonadaceae,0,0,0,2400,0,0,2100,0,0,0,0,0,0,0,0,3600,0,0,0,0,0,0,0,0
Bacteria,Chloroflexi,Anaerolineae,SBR1031,Family of SBR1031,0,0,0,0,0,0,0,0,0,0,1200,1200,900,600,300,0,0,0,1300,0,2600,0,0,0
Bacteria,FCPU426,FCPU426,FCPU426,FCPU426,0,0,0,0,0,0,0,0,0,1800,600,0,800,500,0,1400,1200,400,700,0,0,600,0,0
Bacteria,Verrucomicrobiota,Verrucomicrobiae,Opitutales,Puniceicoccaceae,0,0,0,0,0,0,0,0,0,0,400,1400,300,400,600,3900,0,0,0,0,300,0,600,0
Bacteria,Verrucomicrobiota,Verrucomicrobiae,Chthoniobacterales,Chthoniobacteraceae,1200,400,0,500,0,0,800,600,1500,0,0,0,0,0,0,1300,600,800,0,0,0,0,0,0
Bacteria,Verrucomicrobiota,Verrucomicrobiae,Verrucomicrobiales,Rubritaleaceae,0,0,0,0,0,0,0,0,0,0,600,300,0,0,0,0,0,0,0,500,0,2700,2000,1400
Bacteria,Bacteroidota,Bacteroidia,Sphingobacteriales,GWF2-29-10,0,700,800,1900,0,0,1400,1100,0,0,0,0,0,0,0,0,0,0,600,0,0,700,0,0
Bacteria,Proteobacteria,Gammaproteobacteria,Oceanospirillales,Saccharospirillaceae,0,0,600,500,0,0,0,0,0,0,0,0,0,0,0,3400,1600,1100,0,0,0,0,0,0
Bacteria,Patescibacteria,Parcubacteria,Candidatus_Moranbacteria,Candidatus_Moranbacteria,0,0,0,0,0,0,0,0,0,400,0,0,2400,2400,0,0,0,0,1100,0,0,0,0,0
Bacteria,Chloroflexi,Chloroflexia,Thermomicrobiales,JG30-KF-CM45,0,0,0,0,0,0,0,0,0,0,1000,1400,400,0,800,0,0,0,600,500,1000,400,0,0
Bacteria,Proteobacteria,Gammaproteobacteria,Burkholderiales,Family of Burkholderiales,0,900,600,1600,200,0,1100,300,100,100,100,100,0,0,0,300,400,0,0,0,200,0,0,0
Bacteria,Actinobacteriota,Acidimicrobiia,Order of Acidimicrobiia,Family of Acidimicrobiia,0,0,0,0,0,0,0,0,0,600,800,400,1000,1000,800,0,0,0,700,0,600,0,0,0
Bacteria,Patescibacteria,Gracilibacteria,Absconditabacteriales_(SR1),Absconditabacteriales_(SR1),0,800,800,600,0,0,0,0,0,600,0,500,1200,0,0,0,0,0,0,0,0,900,400,0
Bacteria,Actinobacteriota,Actinobacteria,Frankiales,Sporichthyaceae,700,0,600,0,1400,1200,0,1800,0,0,0,0,0,0,0,0,0,0,0,0,0,0,0,0
Bacteria,Bacteroidota,Bacteroidia,SM1A07,SM1A07,0,0,0,0,0,0,0,0,0,300,0,0,1500,600,0,0,0,0,300,0,0,300,1100,1600
Bacteria,Proteobacteria,Alphaproteobacteria,Holosporales,Holosporaceae,0,0,0,0,0,0,1900,0,0,0,0,0,0,0,0,1000,0,0,0,1200,400,600,600,0
Bacteria,Bacteroidota,Bacteroidia,Flavobacteriales,Family of Flavobacteriales,0,0,0,0,0,0,0,0,0,1200,0,0,1500,0,0,0,0,0,1400,0,0,1500,0,0
Bacteria,Firmicutes,Clostridia,Oscillospirales,Ruminococcaceae,0,0,0,1100,0,0,0,0,0,0,1500,0,500,0,0,0,0,0,600,0,0,1200,700,0
Bacteria,Proteobacteria,Gammaproteobacteria,Acidithiobacillales,Acidithiobacillaceae,0,0,0,0,0,0,0,0,0,0,0,0,0,0,0,1500,2000,1100,900,0,0,0,0,0
Bacteria,Bacteroidota,Ignavibacteria,Ignavibacteriales,SR-FBR-L83,0,0,0,0,0,0,0,0,0,0,700,0,700,800,600,0,0,0,700,0,0,800,1000,0
Bacteria,Actinobacteriota,Actinobacteria,Corynebacteriales,Nocardiaceae,0,0,0,0,0,0,0,0,0,0,400,1000,0,1300,1400,0,0,0,0,0,0,0,0,800
Bacteria,Firmicutes,Bacilli,Lactobacillales,Family of Lactobacillales,100,0,0,0,0,100,500,700,0,500,300,0,400,400,500,800,0,100,0,0,0,400,0,0
Bacteria,Proteobacteria,Gammaproteobacteria,Legionellales,Legionellaceae,4800,0,0,0,0,0,0,0,0,0,0,0,0,0,0,0,0,0,0,0,0,0,0,0
Bacteria,Verrucomicrobiota,Chlamydiae,Chlamydiales,cvE6,0,0,0,0,0,0,0,0,0,0,0,0,0,0,0,0,0,0,0,0,0,1200,1900,1500
Bacteria,Firmicutes,Bacilli,Lactobacillales,Streptococcaceae,0,0,0,500,1300,1000,600,500,600,0,0,0,0,0,0,0,0,0,0,0,0,0,0,0
Bacteria,Firmicutes,Bacilli,RF39,RF39,0,0,0,2400,0,0,1700,300,0,0,0,0,0,0,0,0,0,0,0,0,0,0,0,0
Bacteria,Actinobacteriota,Actinobacteria,Micrococcales,Microbacteriaceae,0,0,0,900,0,1100,0,0,1300,0,0,0,0,0,0,0,0,0,0,600,0,0,0,400
Bacteria,Actinobacteriota,Actinobacteria,Order of Actinobacteria,Family of Actinobacteria,0,500,0,0,0,0,0,0,0,0,0,0,0,0,0,0,0,0,0,0,0,1600,1100,1100
Bacteria,Desulfobacterota,Desulfobacteria,Desulfobacterales,Desulforegulaceae,0,0,0,0,0,0,0,0,0,400,0,0,1200,0,0,0,0,0,2700,0,0,0,0,0
Bacteria,Patescibacteria,Gracilibacteria,Order of Gracilibacteria,Family of Gracilibacteria,0,0,0,0,0,0,0,0,0,800,300,0,800,700,800,0,0,0,800,0,0,0,0,0
Bacteria,Proteobacteria,Gammaproteobacteria,Enterobacterales,Yersiniaceae,0,0,0,0,0,0,0,0,1800,0,0,700,0,1600,0,0,0,0,0,0,0,0,0,0
Bacteria,Bacteroidota,Rhodothermia,Rhodothermales,Rhodothermaceae,300,0,1000,0,400,2100,0,0,0,0,0,0,0,0,0,0,0,0,0,0,0,200,0,0
Bacteria,Chloroflexi,Chloroflexia,Chloroflexales,Herpetosiphonaceae,0,0,0,0,0,0,0,0,0,0,0,900,0,0,0,0,0,0,0,0,0,0,1300,1800
Bacteria,Actinobacteriota,Thermoleophilia,Gaiellales,Family of Gaiellales,0,0,0,0,400,0,0,0,0,0,0,1300,0,600,700,0,0,0,0,0,900,0,0,0
Bacteria,Actinobacteriota,Actinobacteria,Micrococcales,Family of Micrococcales,0,0,0,0,0,0,0,0,0,800,0,1000,200,900,400,0,0,0,0,0,500,0,0,0
Bacteria,Verrucomicrobiota,Kiritimatiellae,Kiritimatiellales,Kiritimatiellaceae,0,0,0,0,0,0,800,0,0,0,0,0,0,0,0,3000,0,0,0,0,0,0,0,0
Bacteria,Firmicutes,Negativicutes,Veillonellales-Selenomonadales,Veillonellaceae,0,0,0,1400,0,0,1300,1000,0,0,0,0,0,0,0,0,0,0,0,0,0,0,0,0
Bacteria,Acidobacteriota,Acidobacteriae,Order of Acidobacteriae,Family of Acidobacteriae,0,0,0,0,0,0,0,0,0,500,1400,0,400,600,700,0,0,0,0,0,0,0,0,0
Bacteria,Desulfobacterota,Desulfuromonadia,Geobacterales,Geobacteraceae,0,0,0,0,0,0,1300,0,0,1700,600,0,0,0,0,0,0,0,0,0,0,0,0,0
Bacteria,Patescibacteria,Berkelbacteria,Berkelbacteria,Berkelbacteria,0,0,0,0,0,0,0,0,0,0,0,0,0,0,0,800,1600,1200,0,0,0,0,0,0
Bacteria,Bacteroidota,Bacteroidia,Sphingobacteriales,Family of Sphingobacteriales,0,0,0,0,0,0,0,0,0,0,0,0,0,0,0,0,0,0,0,0,0,0,1800,1700
Bacteria,Margulisbacteria,Margulisbacteria,Margulisbacteria,Margulisbacteria,0,0,0,0,0,0,0,0,0,800,200,0,600,600,0,0,0,0,1200,0,0,0,0,0
Bacteria,Patescibacteria,Parcubacteria,Candidatus_Nomurabacteria,Candidatus_Nomurabacteria,0,0,0,0,0,0,0,0,0,0,0,0,0,0,0,0,0,0,0,0,0,800,1700,400
Bacteria,Verrucomicrobiota,Chlamydiae,Chlamydiales,Simkaniaceae,0,0,0,0,0,0,0,0,0,600,600,0,0,700,500,0,0,0,500,0,0,0,0,0
Bacteria,Desulfobacterota,Desulfobacteria,Desulfobacterales,Desulfobacteraceae,0,0,800,0,400,600,0,500,0,0,0,0,0,0,0,500,0,0,0,0,0,0,0,0
Bacteria,Campilobacterota,Campylobacteria,Campylobacterales,Arcobacteraceae,0,900,1100,600,0,0,0,0,0,0,0,0,0,0,0,0,0,0,0,0,0,0,0,0
Bacteria,Planctomycetota,vadinHA49,vadinHA49,vadinHA49,0,0,0,0,0,0,0,0,0,0,0,0,0,0,0,0,0,0,0,0,0,1100,0,0
