Kingdom,Phylum,Class,Order,Family,Genus,YXIN01,YXIN02,YXIN03,YXIN07,YXIN08,YXIN09,YXIN10,YXIN11,YXIN12,YXIN13,YXIN14,YXIN15,YXIN16,YXIN17,YXIN18,YXIN19,YXIN20,YXIN21,YXIN22,YXIN23,YXIN24,YXIN28,YXIN29,YXIN30
Bacteria,Bacteroidota,Bacteroidia,Flavobacteriales,Flavobacteriaceae,Flavobacterium,776900,427000,882400,750100,1564800,1414800,719000,1238400,511900,107900,167400,1533200,100800,186900,174100,753600,1130800,2431000,77700,107500,228500,194400,553600,541300
Bacteria,Bacteroidota,Bacteroidia,Chitinophagales,Saprospiraceae,Genus of Saprospiraceae,277200,371300,777700,364100,207500,134300,337300,266700,143700,761100,459500,276700,800300,800800,506600,168500,118000,130700,675200,421600,262800,382500,378400,278200
Bacteria,Bacteroidota,Bacteroidia,Chitinophagales,Chitinophagaceae,Terrimonas,482900,289700,488000,371000,255600,292500,326500,398100,735800,152200,174800,246400,176400,186100,180200,313300,308000,395900,125200,107300,165300,202200,363000,336400
Bacteria,Proteobacteria,Gammaproteobacteria,Burkholderiales,Rhodocyclaceae,Ferribacterium,551400,368100,156000,987600,43900,14500,1001000,437400,157800,10400,10200,11500,9900,25700,10500,620300,680600,653400,6800,9500,7900,11900,9200,8900
Bacteria,Proteobacteria,Gammaproteobacteria,Burkholderiales,Comamonadaceae,Genus of Comamonadaceae,351300,200100,377500,119800,235100,220700,120700,285000,605200,66700,214600,224100,102600,229200,189100,61300,83300,122400,69200,177000,216500,133400,372300,392900
Bacteria,Bacteroidota,Bacteroidia,Flavobacteriales,NS9_marine_group,NS9_marine_group,332200,181100,269400,247800,133300,187400,229500,254200,294300,80900,109600,171300,70300,110800,165700,281200,196900,258700,38800,94800,139700,79000,164500,161100
Bacteria,Proteobacteria,Gammaproteobacteria,Burkholderiales,Rhodocyclaceae,Zoogloea,322400,322600,455500,194900,78300,15400,205800,601300,485800,11200,35900,41600,10500,71500,133000,91500,107300,231400,7200,25000,21100,9100,88200,107800
Bacteria,Chloroflexi,Anaerolineae,Anaerolineales,Anaerolineaceae,Genus of Anaerolineaceae,28900,39100,54200,242000,63400,40600,237300,123400,144300,227800,80400,29700,308100,295200,177100,436100,232800,157300,241200,93800,40600,106500,137800,113500
Bacteria,Proteobacteria,Gammaproteobacteria,Pseudomonadales,Moraxellaceae,Acinetobacter,7900,11700,27400,18400,391200,252300,9600,9000,19200,6900,612500,784100,7700,12900,5500,4500,30100,107700,5400,346600,737800,4400,4400,6600
Bacteria,Proteobacteria,Gammaproteobacteria,Burkholderiales,Rhodocyclaceae,Genus of Rhodocyclaceae,136500,322100,190800,263900,37900,17800,260800,137300,60100,186400,131100,89100,162400,206100,93000,249700,96900,36100,159900,125400,58600,144900,106300,73000
Bacteria,Bacteroidota,Bacteroidia,Sphingobacteriales,env.OPS_17,env.OPS_17,55300,163000,93000,88300,26300,9600,83200,160900,165500,175200,211600,48800,188600,249800,78800,81800,114400,67600,161800,285200,225800,93600,130500,109300
Bacteria,Proteobacteria,Gammaproteobacteria,Burkholderiales,Rhodocyclaceae,Thauera,79800,45700,62300,86300,652400,557200,88800,213800,486800,4100,18100,30900,4100,16400,15500,119900,103800,203000,3100,18000,20000,4900,12800,18300
Bacteria,Proteobacteria,Gammaproteobacteria,Burkholderiales,Rhodocyclaceae,Dechloromonas,64300,129900,100000,148700,244300,48400,151000,269200,397300,80600,84200,56600,59700,112200,67400,67300,99900,186400,38300,67900,37600,73100,88300,75900
Bacteria,Bacteroidota,Bacteroidia,Sphingobacteriales,AKYH767,AKYH767,62100,64700,77000,101800,41700,36000,104200,78900,105100,143500,98500,84300,138600,178700,131700,171700,114800,117100,105000,106900,77500,92600,238600,236800
Bacteria,Bacteroidota,Bacteroidia,Chitinophagales,37-13,37-13,92400,71800,56300,48600,33000,13400,42500,81400,92800,178600,63200,43400,201200,209100,154100,41000,54000,173100,183800,110700,84600,128500,188100,149000
Bacteria,Proteobacteria,Gammaproteobacteria,Xanthomonadales,Rhodanobacteraceae,Dokdonella,46200,22200,74400,33200,56700,74900,33900,35300,67100,72900,190300,522600,74300,91400,129000,30100,18500,27900,56800,95800,304400,89400,159900,143000
Bacteria,Bacteroidota,Bacteroidia,Cytophagales,Microscillaceae,OLB12,167700,119600,187600,123400,118100,109400,119400,131700,166700,4800,5000,10100,6700,10400,7700,184800,153100,286600,4100,5800,7000,5600,8600,8600
Bacteria,Bdellovibrionota,Bdellovibrionia,Bdellovibrionales,Bdellovibrionaceae,Bdellovibrio,213400,55100,82700,24000,3700,8000,19000,12800,72400,24800,8900,29900,35600,28900,8400,23100,17100,49300,29800,11700,4700,15100,524800,597100
Bacteria,Bacteroidota,Bacteroidia,Chitinophagales,Chitinophagaceae,Ferruginibacter,113500,62700,123700,97100,59400,45900,86800,95200,204900,31700,53400,78500,35600,43700,48400,117500,98600,90000,24500,44000,92600,30000,91700,89700
Bacteria,Bacteroidota,Bacteroidia,Chitinophagales,Saprospiraceae,OLB8,51900,97100,282200,63300,56400,42600,55900,60500,23900,79000,95900,116400,79700,104900,110000,4600,5300,8000,60000,106200,95600,18800,76600,70400
Bacteria,Proteobacteria,Gammaproteobacteria,Burkholderiales,Hydrogenophilaceae,Genus of Hydrogenophilaceae,50900,41400,23700,315100,125100,56400,320400,133800,82800,5500,4300,5300,7000,7000,3200,350500,94600,86700,4700,3700,3100,14400,9200,7100
Bacteria,Proteobacteria,Gammaproteobacteria,Pseudomonadales,Pseudomonadaceae,Pseudomonas,17000,14900,30300,13900,105000,69600,15200,15800,67300,7800,65900,403100,8600,53700,14500,7900,309400,394000,6400,20100,49700,10900,12500,11200
Bacteria,Bacteroidota,Bacteroidia,Chitinophagales,Family of Chitinophagales,Genus of Chitinophagales,21100,55500,35900,79800,27600,6600,82100,40600,13800,138600,45100,19100,191600,142800,48300,65200,39300,26400,137800,49400,21800,145500,114200,81200
Bacteria,Proteobacteria,Gammaproteobacteria,Burkholderiales,Comamonadaceae,Aquabacterium,116100,195900,367200,35600,51100,26800,38400,108500,183800,32700,74400,17000,56400,61200,49600,8700,9200,7500,13000,18300,8500,23200,55000,68200
Bacteria,Bacteroidota,Bacteroidia,Sphingobacteriales,NS11-12_marine_group,NS11-12_marine_group,123600,117200,116100,165300,18000,25200,170500,173600,27400,17400,5400,5000,19000,23300,10900,117300,81600,44600,17200,9600,1700,53500,133700,135000
Bacteria,Bacteroidota,SJA-28,SJA-28,SJA-28,SJA-28,16300,9700,12000,50200,32300,44300,48300,46600,99600,91600,68400,54300,89300,112000,80400,59500,37000,37800,74800,49900,39400,82300,195500,180300
Bacteria,Proteobacteria,Gammaproteobacteria,Alteromonadales,Alteromonadaceae,Alishewanella,4000,1600,1900,5900,6700,946600,1800,1400,5000,2400,15500,275000,700,2000,0,1400,1700,1300,1300,4900,67600,1200,1800,1300
Bacteria,Proteobacteria,Alphaproteobacteria,Rhodobacterales,Rhodobacteraceae,Genus of Rhodobacteraceae,23200,4300,22700,9400,181600,369700,2100,8600,117600,2000,80700,275500,3900,1800,23500,1500,3400,20600,900,41800,137000,2400,9200,8100
Bacteria,Proteobacteria,Gammaproteobacteria,Burkholderiales,Sutterellaceae,AAP99,9400,7300,7100,7600,2800,3900,4400,3700,8700,25700,131700,164500,38400,107800,145900,2200,2900,2800,25300,152700,190800,21700,81800,85700
Bacteria,Nitrospirota,Nitrospiria,Nitrospirales,Nitrospiraceae,Nitrospira,27300,13300,8200,101200,31300,32800,101600,54100,42200,64500,89300,52100,52400,68700,31100,59300,29500,29000,39700,65200,32600,24400,35000,30100
Bacteria,Proteobacteria,Gammaproteobacteria,Burkholderiales,Rhodocyclaceae,Sulfuritalea,5600,13200,9900,38800,12300,5700,40000,15700,19000,91600,61700,31400,121500,91400,51900,30600,10500,3500,109200,59900,24100,118800,73000,43800
Bacteria,Planctomycetota,OM190,OM190,OM190,OM190,46600,41300,45800,38400,18800,5200,39100,33900,32100,89700,38400,15100,84900,78100,68600,133300,47300,27700,40700,33000,14300,33500,37100,30800
Bacteria,Proteobacteria,Alphaproteobacteria,Caulobacterales,Caulobacteraceae,Brevundimonas,16200,5400,56200,6600,28200,344300,3100,12000,24900,2200,27700,389900,700,2000,2600,2000,2800,22100,1000,5900,77500,1600,5200,4700
Bacteria,Bacteroidota,Bacteroidia,Chitinophagales,Chitinophagaceae,Genus of Chitinophagaceae,18200,56400,76100,35300,11900,4600,30400,26700,11300,79700,38300,13400,94600,49700,18000,25000,15000,10600,81700,30800,17800,108700,98800,67600
Bacteria,Spirochaetota,Leptospirae,Leptospirales,Leptospiraceae,Leptospira,7200,10400,9400,16500,3200,1100,8100,4400,15500,224200,6900,3100,220000,113300,8500,3800,1100,1500,190100,24600,2200,73100,16000,4500
Bacteria,Bacteroidota,Bacteroidia,Flavobacteriales,Cryomorphaceae,Vicingus,16700,16200,26200,103300,52000,13100,95700,237500,23100,1100,1100,2200,1300,3500,2400,108900,153200,65900,700,0,0,1000,1800,1300
Bacteria,Bacteroidota,Bacteroidia,Order of Bacteroidia,Family of Bacteroidia,Genus of Bacteroidia,2100,8300,6900,6700,2500,3100,5100,5300,6000,52800,54100,90400,62300,77500,74700,14900,6600,6900,44800,63000,98300,52300,64500,50900
Bacteria,Proteobacteria,Gammaproteobacteria,Burkholderiales,Chitinimonadaceae,Chitinivorax,2400,7000,5100,16300,27400,9400,18300,15300,16800,36800,125800,49600,80500,69200,40800,8300,3600,6000,34400,125200,50500,38500,33100,25500
Bacteria,Proteobacteria,Alphaproteobacteria,Sphingomonadales,Sphingomonadaceae,Genus of Sphingomonadaceae,93200,12200,14300,20600,56900,27600,18300,33800,150700,18500,23900,19300,12300,28400,29200,7800,12800,56000,8400,24300,29000,17600,34200,36800
Bacteria,Proteobacteria,Gammaproteobacteria,Burkholderiales,Rhodocyclaceae,Candidatus_Accumulibacter,13200,11600,6400,19600,5500,2300,18000,16700,13600,112700,48000,24100,63800,87400,54500,9500,8500,6100,32000,48200,16800,36500,45100,38500
Bacteria,Bacteroidota,Kapabacteria,Kapabacteriales,Kapabacteriales,Kapabacteriales,4900,8300,7600,13500,2600,1700,9100,2000,4500,32300,11000,6100,48900,53900,38300,44900,39900,10100,41800,63400,31500,23500,92800,92000
Bacteria,Cyanobacteria,Vampirivibrionia,Obscuribacterales,Obscuribacteraceae,Candidatus_Obscuribacter,8600,13500,14800,35900,14800,9900,30600,16100,32200,52100,34600,26600,56400,44400,24500,29700,13000,6900,45600,18600,17900,41900,45200,40400
Bacteria,Proteobacteria,Gammaproteobacteria,Competibacterales,Competibacteraceae,Candidatus_Competibacter,2100,400,1800,4400,1800,0,2200,0,4300,105400,53200,39500,57000,138300,57500,1000,900,1600,34200,52300,36800,22600,24000,26100
Bacteria,Proteobacteria,Gammaproteobacteria,Xanthomonadales,Rhodanobacteraceae,Genus of Rhodanobacteraceae,56400,38700,54400,19600,16200,12800,19600,18200,29900,21000,30200,35100,20600,29800,45500,14300,11200,15700,10100,27700,33000,16500,39200,36600
Bacteria,Verrucomicrobiota,Verrucomicrobiae,Verrucomicrobiales,Verrucomicrobiaceae,Prosthecobacter,24300,40700,20400,66800,7900,2200,68000,38200,64800,32500,15700,5700,40300,33700,15300,39800,13400,5000,23600,10800,4100,27500,26900,20000
Bacteria,Proteobacteria,Gammaproteobacteria,Xanthomonadales,Rhodanobacteraceae,Ahniella,34300,20100,21000,12100,11600,1800,14200,22600,43400,31200,20900,13800,32100,45000,47300,12700,13200,8900,14200,26000,20000,29300,68000,61200
Bacteria,Bacteroidota,Kryptonia,Kryptoniales,BSV26,BSV26,3600,6700,7000,29700,4900,2500,29300,10600,5300,39800,32200,30900,35600,52400,36400,133900,32500,9000,29500,22600,20700,9400,15800,13200
Bacteria,Proteobacteria,Gammaproteobacteria,Burkholderiales,Comamonadaceae,Leptothrix,26500,123300,80800,119900,8600,1800,123400,43900,3900,1700,0,0,0,1900,0,27000,12900,5800,1000,0,0,1300,0,1600
Bacteria,Proteobacteria,Alphaproteobacteria,Rhizobiales,A0839,A0839,5500,2200,3800,7300,3000,4000,6600,4300,8000,32000,27500,69500,36500,41100,24900,7800,4800,4800,25500,27200,50800,29600,63600,63500
Bacteria,Proteobacteria,Gammaproteobacteria,Xanthomonadales,Rhodanobacteraceae,Aquimonas,184800,35400,101000,21100,20500,17500,17700,21900,34700,3800,3500,9000,2900,3500,9000,5000,7000,18500,1400,3800,4900,2200,9800,11200
Bacteria,Proteobacteria,Alphaproteobacteria,Sphingomonadales,Sphingomonadaceae,Novosphingobium,71000,29900,60500,16700,17800,10900,17000,28500,16700,19200,14700,11600,19600,20300,15700,8500,9900,13400,7800,16200,14100,20100,41600,40500
Bacteria,Proteobacteria,Alphaproteobacteria,Micavibrionales,Family of Micavibrionales,Genus of Micavibrionales,80200,11400,11600,7500,5900,4100,5000,18800,19500,13700,10400,12300,16200,15100,26200,9400,5700,5300,12300,12100,12200,11100,94600,110300
Bacteria,Myxococcota,Polyangia,Haliangiales,Haliangiaceae,Haliangium,3800,5900,4900,8200,4800,800,7000,7300,7700,78600,37400,7500,106800,35700,19600,6600,2800,1700,87300,14500,10500,34200,21000,12000
Bacteria,Myxococcota,Polyangia,Nannocystales,Nannocystaceae,Nannocystis,7500,23200,5800,2100,1700,1300,2800,4000,4700,23500,19400,6600,20000,27500,33300,16900,12100,2200,8200,9100,3800,56100,118700,106600
Bacteria,Proteobacteria,Gammaproteobacteria,Burkholderiales,Nitrosomonadaceae,Nitrosomonas,21800,9800,9000,21700,47800,27200,23000,28500,12300,36800,21000,16200,20900,27400,21600,24600,13100,27100,19100,25000,10900,14700,12100,11000
Bacteria,Verrucomicrobiota,Verrucomicrobiae,Opitutales,Opitutaceae,Lacunisphaera,7100,4600,4800,12300,2500,0,7100,5200,6700,54700,33500,28500,56300,40600,34000,2300,2000,0,35500,31200,31200,42400,28400,16300
Bacteria,Bacteroidota,Bacteroidia,Sphingobacteriales,Lentimicrobiaceae,Lentimicrobium,4800,1800,5000,5600,2100,0,4600,1500,5100,28700,28100,17700,37200,40800,36900,8700,4200,2300,22100,18600,11600,34900,85400,78800
Bacteria,Bacteroidota,Bacteroidia,Chitinophagales,Saprospiraceae,Haliscomenobacter,19500,12100,14300,16300,10500,7000,12100,14700,7400,43300,23500,15200,42500,43200,27800,6000,5800,7000,33200,26500,19300,16000,18400,17000
Bacteria,Bacteroidota,Bacteroidia,Sphingobacteriales,Sphingobacteriaceae,Pedobacter,55600,47200,89200,26000,28800,5300,23600,33700,10200,800,800,1800,1300,1600,1600,27300,30600,50800,1800,2000,1600,3400,6000,5100
Bacteria,Latescibacterota,Latescibacterota,Latescibacterota,Latescibacterota,Latescibacterota,6200,1500,3100,11300,7000,4300,11600,9800,12600,17700,16500,12700,19200,25000,22900,99900,38700,32600,9900,17600,11400,14800,19700,18200
Bacteria,Bacteroidota,Bacteroidia,Chitinophagales,Saprospiraceae,Phaeodactylibacter,20100,19400,42400,26800,21200,37600,27600,14300,7200,16500,6600,4000,18500,24100,19300,10500,12100,29800,15900,21700,16200,4800,11500,12100
Bacteria,Proteobacteria,Alphaproteobacteria,Caulobacterales,Hyphomonadaceae,Hirschia,47300,18500,74500,22400,13800,12700,20200,24500,42200,4700,4600,5000,3400,7000,12600,12000,13300,17900,3300,3200,3600,5100,30500,25800
Bacteria,Bacteroidota,Bacteroidia,Cytophagales,Spirosomaceae,Lacihabitans,2000,5800,11500,2500,2100,700,900,2000,2300,12300,63100,32800,3700,11400,28800,600,1200,1400,3200,44000,169500,1600,9600,8800
Bacteria,Acidobacteriota,Vicinamibacteria,Subgroup_17,Subgroup_17,Subgroup_17,23400,23900,22100,33400,6600,1900,39100,20700,18400,10000,9200,5300,17000,20300,7200,39600,14500,5400,5200,6800,5000,21400,34600,29600
Bacteria,Proteobacteria,Gammaproteobacteria,Burkholderiales,Comamonadaceae,Sphaerotilus,3900,14000,9800,4000,4300,3100,2000,3700,18300,2600,3500,10900,1800,35600,207500,1700,2300,4300,0,5300,13700,1900,33700,30900
Bacteria,Proteobacteria,Gammaproteobacteria,Burkholderiales,Rhodocyclaceae,Uliginosibacterium,1300,4200,5400,2600,500,1200,900,1400,2800,64200,45100,23500,66900,23000,10400,900,800,700,61600,29800,22900,26900,13400,4400
Bacteria,Bacteroidota,Ignavibacteria,Ignavibacteriales,Ignavibacteriaceae,Ignavibacterium,4400,2400,12500,14200,5600,6800,14200,9200,10400,16800,26800,41500,25200,20500,17000,10400,8600,5300,22800,13900,30300,21100,37600,30800
Bacteria,Proteobacteria,Gammaproteobacteria,Methylococcales,Methylomonadaceae,Crenothrix,0,1300,800,9100,0,1100,9000,1400,1500,57000,22100,3000,73500,54500,17400,4200,1300,0,64300,17100,1100,30400,13700,6200
Bacteria,Acidobacteriota,Vicinamibacteria,Vicinamibacterales,Family of Vicinamibacterales,Genus of Vicinamibacterales,5100,4200,4700,24200,5400,1000,26800,18300,15500,16700,16800,10300,16400,14500,10100,48600,21300,6300,13100,12300,9900,29400,20600,14000
Bacteria,Proteobacteria,Gammaproteobacteria,Cellvibrionales,Halieaceae,OM60(NOR5)_clade,46700,20100,19900,40400,22200,17600,41600,22400,49600,900,1000,0,0,1400,0,38900,14700,9000,0,1000,600,0,1300,1100
Bacteria,Proteobacteria,Gammaproteobacteria,Oceanospirillales,Halomonadaceae,Halomonas,3400,11900,8100,21000,8100,2700,23900,14200,13900,21600,17000,7100,20600,18000,8500,46400,18000,7700,17700,5100,3700,21700,13100,9400
Bacteria,Proteobacteria,Alphaproteobacteria,Caulobacterales,Hyphomonadaceae,SWB02,22700,5500,12800,14600,15800,18000,12000,9500,19100,7100,13700,18000,6500,11400,20800,18000,13200,19300,5800,8400,13000,2400,11000,10100
Bacteria,Proteobacteria,Gammaproteobacteria,Burkholderiales,Comamonadaceae,Rhodoferax,5900,20300,21600,13000,0,0,15200,10800,4700,19400,25900,13600,20600,18900,6800,5800,2500,7800,13000,15200,6600,23900,19500,16400
Bacteria,Proteobacteria,Gammaproteobacteria,Pseudomonadales,Moraxellaceae,[Agitococcus]_lubricus_group,900,43900,6500,59100,0,0,67000,1900,0,4500,1800,1500,23700,5100,0,20600,1900,0,18800,0,0,28700,9600,1900
Bacteria,Bacteroidota,Bacteroidia,Chitinophagales,Chitinophagaceae,Edaphobaculum,3500,8300,10900,10200,5500,18200,12700,12900,7200,16700,4400,4400,40800,14900,7100,11800,10300,10100,21100,4200,3000,36900,17000,5000
Bacteria,Proteobacteria,Gammaproteobacteria,Burkholderiales,Comamonadaceae,Hydrogenophaga,5400,7400,17700,2200,6400,14500,700,4100,32200,4300,21500,9500,5900,32800,26100,600,0,3600,6500,12100,7300,4800,32100,33900
Bacteria,Verrucomicrobiota,Verrucomicrobiae,Pedosphaerales,Pedosphaeraceae,Genus of Pedosphaeraceae,5200,4700,4700,11500,3800,0,13700,7500,8900,31700,7100,3500,38000,36800,14100,8600,2700,5600,23200,7800,2400,13500,20500,15700
Bacteria,Bacteroidota,Bacteroidia,Sphingobacteriales,Lentimicrobiaceae,Lentimicrobiaceae,15900,3800,4100,14600,7300,5300,11700,7500,8100,15700,10100,5800,16100,15900,11000,13200,5900,4000,9400,8200,4700,15300,34500,31900
Bacteria,Bdellovibrionota,Bdellovibrionia,Bacteriovoracales,Bacteriovoracaceae,Bacteriovorax,12300,2200,7100,2500,900,1100,1200,8200,156000,800,1000,900,1100,3400,1500,3800,6900,1500,1000,1400,500,2300,25300,35700
Bacteria,Chloroflexi,Anaerolineae,SBR1031,A4b,A4b,1800,1700,1600,2800,800,1300,2800,1900,6500,16200,25600,17700,33800,25300,28400,1000,0,0,25600,19100,11200,15200,19300,17200
Bacteria,Bacteroidota,Bacteroidia,Sphingobacteriales,LiUU-11-161,LiUU-11-161,1000,600,600,700,0,0,800,500,1200,26400,14200,14500,30300,33100,20400,0,0,500,22800,14000,6100,16200,30200,27800
Bacteria,Chloroflexi,Chloroflexia,Chloroflexales,Roseiflexaceae,Genus of Roseiflexaceae,0,400,400,1300,0,0,0,700,2900,26300,10600,22900,33500,30900,22100,0,0,900,19300,14900,33000,8500,13100,11600
Bacteria,Proteobacteria,Alphaproteobacteria,Caulobacterales,Caulobacteraceae,Phenylobacterium,18100,18400,58800,8900,8800,7600,8800,8600,12800,8700,3300,4100,8100,10900,14200,2900,1300,900,4300,1800,0,11100,15300,12700
Bacteria,Proteobacteria,Alphaproteobacteria,Azospirillales,Azospirillales_Incertae_Sedis,Stella,2600,0,700,1600,800,0,1700,0,5600,33400,22800,4600,59700,26500,10600,2100,1300,1000,38800,7300,3300,10500,9600,5500
Bacteria,Myxococcota,Polyangia,mle1-27,mle1-27,mle1-27,1300,7200,6400,4800,4300,2700,7000,7200,4700,28900,5700,2700,26100,18100,10000,5100,3900,3500,15400,4600,4500,22800,19800,16500
Bacteria,Proteobacteria,Gammaproteobacteria,Burkholderiales,Comamonadaceae,Acidovorax,5500,27400,122500,3000,7900,14700,0,3700,12000,0,9000,5000,0,5300,0,0,0,0,0,0,3700,4200,4700,3100
Bacteria,Verrucomicrobiota,Verrucomicrobiae,Opitutales,Opitutaceae,Cephaloticoccus,9900,7400,5900,32600,9600,5200,34900,16400,5800,3300,0,2000,1900,3400,2300,47900,15100,9600,0,2200,2300,3800,4400,3400
Bacteria,Bacteroidota,Bacteroidia,Sphingobacteriales,KD3-93,KD3-93,2500,20000,8000,14300,700,0,12000,16500,2300,9800,6100,1500,16400,16200,7500,18700,16100,6100,10200,4200,0,13600,12100,11000
Bacteria,Proteobacteria,Gammaproteobacteria,Cellvibrionales,Spongiibacteraceae,BD1-7_clade,9000,4400,4600,26600,14100,5400,26200,6600,16200,4500,6100,12100,3300,7800,3500,26000,7400,7700,3600,7000,6300,6100,5900,4800
Bacteria,Bacteroidota,Bacteroidia,Bacteroidales,Prolixibacteraceae,Genus of Prolixibacteraceae,6600,5700,4100,11300,4800,3400,8600,5800,3400,10800,9100,8700,8500,16200,12900,8100,4800,3600,9400,9600,10000,16200,21600,15800
Bacteria,Verrucomicrobiota,Omnitrophia,Omnitrophales,Omnitrophaceae,Candidatus_Omnitrophus,2800,1800,2000,23000,2800,1900,22700,10000,5800,13600,4700,3400,18100,13000,4800,29200,7600,3000,11400,3900,1400,10300,11600,7600
Bacteria,Myxococcota,Polyangia,Polyangiales,Sandaracinaceae,Genus of Sandaracinaceae,3100,6700,3600,2300,3400,1200,4600,5800,2200,19600,13500,3500,19400,13900,12800,12400,6000,2400,11700,7500,3700,10900,17600,19900
Bacteria,Proteobacteria,Gammaproteobacteria,Burkholderiales,Neisseriaceae,Genus of Neisseriaceae,0,0,900,1800,0,0,0,0,0,2200,7900,62400,3000,36700,42900,1900,0,0,0,27800,17400,1200,0,0
Bacteria,Acidobacteriota,Vicinamibacteria,Vicinamibacterales,Vicinamibacteraceae,Vicinamibacteraceae,5300,900,1600,5500,6700,6000,6700,9100,11900,9700,18900,14100,10100,13200,21000,4000,5100,3500,3400,19300,13800,3000,6500,6600
Bacteria,Proteobacteria,Gammaproteobacteria,Burkholderiales,Nitrosomonadaceae,oc32,12700,7600,8500,11800,5500,2400,15600,9200,7800,7700,11900,10800,11200,12800,6600,4900,2400,1800,6300,10300,10900,6700,8600,8200
Bacteria,Acidobacteriota,Blastocatellia,11-24,11-24,11-24,2000,1300,1500,3700,1300,900,4100,2900,2800,23600,13300,4700,21900,27700,16900,2700,1400,1200,18200,11200,6900,8500,11400,9900
Bacteria,Chloroflexi,Anaerolineae,Caldilineales,Caldilineaceae,Genus of Caldilineaceae,1300,1700,1800,8800,3500,2300,6800,1700,4000,11800,10200,5100,15800,19100,11900,11800,6000,4800,14600,4800,9900,8900,18500,13800
Bacteria,Proteobacteria,Gammaproteobacteria,Burkholderiales,Burkholderiaceae,Lautropia,6500,3400,5400,6700,9400,9400,5400,4600,17300,5200,13000,15200,7100,10000,6800,2200,1700,5100,5000,11400,12900,4900,15600,13200
Bacteria,Proteobacteria,Alphaproteobacteria,Order of Alphaproteobacteria,Family of Alphaproteobacteria,Genus of Alphaproteobacteria,2500,0,400,15600,9100,6600,15900,10600,20900,5900,8100,8200,7500,9400,10600,11400,5500,5200,5500,7800,6200,2200,9200,7800
Bacteria,Armatimonadota,Fimbriimonadia,Fimbriimonadales,Fimbriimonadaceae,Fimbriimonadaceae,4100,5100,17100,10100,3400,3400,8700,5100,6400,12600,5400,3800,19600,17400,8800,5100,4100,2500,10200,6400,5600,4000,10300,11100
Bacteria,Bacteroidota,Bacteroidia,Cytophagales,Microscillaceae,Genus of Microscillaceae,3300,2800,3500,7000,2400,1500,8200,5100,1300,13100,5000,9400,12600,17700,12100,12000,5700,2600,11900,10000,13100,1700,13600,13600
Bacteria,Acidobacteriota,Acidobacteriae,Acidobacteriae,Acidobacteriae,Paludibaculum,4100,4400,2700,9700,4700,1100,8200,9800,8200,12100,9300,10400,15700,15200,6500,5900,2600,900,10600,3100,6200,9800,14000,12600
Bacteria,Proteobacteria,Gammaproteobacteria,Burkholderiales,Rhodocyclaceae,Propionivibrio,2800,0,2500,1800,0,0,3100,0,3200,19300,9600,4600,24600,14200,4300,2000,0,0,16600,7800,0,46300,16300,8600
Bacteria,Proteobacteria,Gammaproteobacteria,Xanthomonadales,Xanthomonadaceae,Pseudoxanthomonas,1300,0,1500,1200,2700,69200,0,800,7100,1300,6500,58700,600,1700,1100,0,1500,6000,0,1400,10700,700,6500,3400
Bacteria,Bacteroidota,Bacteroidia,Flavobacteriales,Crocinitomicaceae,Crocinitomix,19800,12300,7900,7200,1000,800,10600,12200,3700,4800,1200,600,5500,7000,4300,8300,11400,7600,2800,1600,0,4500,24600,24100
Bacteria,Proteobacteria,Gammaproteobacteria,Xanthomonadales,Xanthomonadaceae,Thermomonas,17600,18400,31900,5800,20900,16900,4800,8900,24600,1100,2100,3800,1500,0,0,1400,1900,1900,0,0,2100,1200,8000,4200
Bacteria,Acidobacteriota,Blastocatellia,Blastocatellales,Blastocatellaceae,JGI_0001001-H03,6800,2000,5400,5800,1200,1000,3700,2400,5200,13600,5200,3700,13900,15400,7400,1400,1100,0,13200,6500,3100,10100,26400,23300
Bacteria,Bacteroidota,Bacteroidia,Flavobacteriales,Weeksellaceae,Chryseobacterium,600,0,0,1000,1700,3200,1200,1900,1500,0,6500,148800,0,0,0,800,1200,4300,0,0,3200,0,0,900
Bacteria,Verrucomicrobiota,Verrucomicrobiae,Opitutales,Opitutaceae,Opitutus,2500,0,1800,2500,0,0,1400,0,3500,15200,5700,0,22800,14700,10100,0,0,0,21400,5900,0,30000,22000,14700
Bacteria,Verrucomicrobiota,Verrucomicrobiae,Pedosphaerales,Pedosphaeraceae,Pedosphaeraceae,0,0,0,4100,900,0,3800,1800,3000,28200,12100,4100,30500,26100,10100,3000,800,0,15700,8000,3400,6600,4900,4200
Bacteria,Proteobacteria,Gammaproteobacteria,Burkholderiales,B1-7BS,B1-7BS,1200,500,1100,0,0,800,0,0,1600,18500,7800,3100,27900,22700,7900,0,0,0,15100,18700,2300,19600,11700,8200
Bacteria,Proteobacteria,Gammaproteobacteria,Burkholderiales,Aquaspirillaceae,Aquaspirillum,2300,1000,50400,2100,4800,33700,1400,3100,8400,0,3000,17100,600,1100,2300,0,1400,5000,0,500,7900,2300,8100,6700
Bacteria,Elusimicrobiota,Elusimicrobia,MVP-88,MVP-88,MVP-88,0,300,0,600,0,200,0,0,700,24400,11400,3700,26600,25900,14400,0,0,0,18100,8600,4000,9000,6900,4300
Bacteria,Bacteroidota,Bacteroidia,Chitinophagales,Chitinophagaceae,Rurimicrobium,0,0,0,2000,0,16300,1600,800,0,0,0,135200,0,0,0,0,0,0,0,0,2300,0,0,0
Bacteria,Spirochaetota,Leptospirae,Leptospirales,Leptospiraceae,Turneriella,5200,6800,6600,5500,8800,9800,5000,6900,23400,7700,7300,2900,6700,7500,5600,9200,5900,6800,6700,2500,3200,2400,2600,1600
Bacteria,Planctomycetota,Phycisphaerae,Phycisphaerales,Phycisphaeraceae,CL500-3,3800,0,1000,3500,3100,2400,2100,2200,5500,10800,5300,3000,11800,11000,9800,4500,2500,2600,6100,5500,4500,13900,20000,18600
Bacteria,Myxococcota,Myxococcia,Myxococcales,Myxococcaceae,P3OB-42,2100,2900,2400,3800,1800,2500,2400,1000,8300,10000,5500,4100,9800,10500,10200,11100,1400,4700,7100,6100,3900,10200,16600,14500
Bacteria,Gemmatimonadota,Gemmatimonadetes,Gemmatimonadales,Gemmatimonadaceae,Genus of Gemmatimonadaceae,7400,1500,0,4200,2700,1700,6200,8500,6500,8800,7000,6000,6800,8800,13000,12500,5700,4800,4300,5900,4100,7500,8500,9500
Bacteria,Proteobacteria,Alphaproteobacteria,Rhodobacterales,Rhodobacteraceae,Paracoccus,2100,4800,2000,1300,9500,41600,0,2000,13600,0,12500,25500,0,3500,900,0,900,5300,0,3600,17300,0,3100,1600
Bacteria,Acidobacteriota,Thermoanaerobaculia,Thermoanaerobaculales,Thermoanaerobaculaceae,Subgroup_10,2500,3600,1300,9000,10400,3700,9400,5900,2000,12600,15500,6600,11700,10100,3700,2600,2600,1400,4200,13700,6500,6200,4200,1400
Bacteria,Chloroflexi,Anaerolineae,Ardenticatenales,Family of Ardenticatenales,Genus of Ardenticatenales,1400,0,0,1600,0,0,0,0,2500,13300,14900,11600,15200,18300,14500,2400,1500,0,11300,14000,11800,3200,6400,6400
Bacteria,Bacteroidota,Bacteroidia,Chitinophagales,Chitinophagaceae,Sediminibacterium,5400,18100,42000,9100,14000,12600,7300,10100,12100,0,0,700,0,900,0,5400,5600,6200,0,0,0,700,0,0
Bacteria,Verrucomicrobiota,Verrucomicrobiae,Pedosphaerales,Pedosphaeraceae,Oikopleura,3600,3800,1800,10700,4900,2000,10000,8400,11900,12300,6600,3000,17900,14600,3900,4900,1800,1100,10300,5500,0,2900,5200,2800
Bacteria,Planctomycetota,Planctomycetes,Pirellulales,Pirellulaceae,Pirellula,7000,9200,8600,16100,11300,15200,13500,10000,16500,3100,2400,1200,2100,3400,1200,13800,4200,2300,1500,400,700,2600,1200,700
Bacteria,Firmicutes,Clostridia,Peptostreptococcales-Tissierellales,Fusibacteraceae,Fusibacter,2100,0,1300,38900,12700,16200,38700,8100,6700,0,1500,1700,400,0,0,10700,4900,3100,0,0,0,0,0,0
Bacteria,Proteobacteria,Gammaproteobacteria,Burkholderiales,Nitrosomonadaceae,Ellin6067,1400,0,0,600,1700,1600,1000,700,2900,6300,8300,21900,8700,7500,10800,2400,0,800,4500,11900,21800,5200,14200,11700
Bacteria,Planctomycetota,Phycisphaerae,Phycisphaerales,Phycisphaeraceae,SM1A02,0,0,0,3700,1300,300,2400,1900,2000,15600,15700,12500,17100,11300,17100,6200,1800,2300,6300,4200,12400,3200,3900,3600
Bacteria,Chloroflexi,Anaerolineae,RBG-13-54-9,RBG-13-54-9,RBG-13-54-9,700,600,700,1100,0,0,0,0,1400,10100,11200,15200,11900,11600,4400,200,0,0,10700,13100,15200,14300,11800,10500
Bacteria,Proteobacteria,Alphaproteobacteria,Rhizobiales,Rhizobiaceae,Rhizobiaceae,20100,12600,12000,3700,24200,17000,4100,8400,29000,0,0,0,0,0,0,0,1500,3400,0,0,0,0,0,0
Bacteria,Bacteroidota,Bacteroidia,Bacteroidales,Paludibacteraceae,Paludibacter,0,0,0,24300,3300,2800,17200,2400,7800,1500,1900,0,1300,0,0,35200,4400,2800,0,0,0,8600,11600,10700
Bacteria,Proteobacteria,Gammaproteobacteria,Burkholderiales,Comamonadaceae,Simplicispira,10700,11600,19700,2700,17200,8200,3100,9900,19600,0,0,0,2400,4200,3700,0,0,8900,0,4000,0,0,4300,4000
Bacteria,Myxococcota,Polyangia,Polyangiales,Polyangiaceae,Pajaroellobacter,0,3400,2100,0,0,0,0,0,0,18700,11500,5400,17100,10200,11100,0,300,0,11200,8800,4100,11800,7700,5900
Bacteria,Proteobacteria,Gammaproteobacteria,Cellvibrionales,Halieaceae,Genus of Halieaceae,20600,7300,4700,11400,9100,6800,13300,9100,20700,0,0,0,0,0,0,16600,3900,4800,0,0,0,0,0,0
Bacteria,Bacteroidota,Bacteroidia,Bacteroidales,Bacteroidetes_vadinHA17,Bacteroidetes_vadinHA17,0,0,0,1500,0,0,0,0,1300,15800,6200,6700,13100,13100,6900,1600,0,0,12900,8700,3700,12300,11800,9600
Bacteria,Proteobacteria,Gammaproteobacteria,Aeromonadales,Aeromonadaceae,Aeromonas,1900,5800,29600,5800,10100,6900,5000,900,6800,2100,8100,4400,3200,1800,1100,1900,1400,3100,8800,4300,4400,2100,2000,600
Bacteria,Verrucomicrobiota,Verrucomicrobiae,Opitutales,Opitutaceae,Genus of Opitutaceae,0,1200,100,4900,0,0,2000,0,2600,9600,7500,7600,11500,8800,3600,3100,0,0,8900,4300,8300,16400,12900,8100
Bacteria,Verrucomicrobiota,Verrucomicrobiae,Verrucomicrobiales,Verrucomicrobiaceae,Genus of Verrucomicrobiaceae,2500,2300,0,3800,1700,2100,2000,4600,4400,17700,5700,700,17800,17800,8000,0,300,0,8200,2400,800,7000,7000,4300
Bacteria,Bdellovibrionota,Oligoflexia,0319-6G20,0319-6G20,0319-6G20,500,14200,8100,7800,800,0,9800,3400,2800,8000,1400,1100,9200,5900,3200,8000,1200,700,8700,3700,900,11500,6800,3000
Bacteria,Chloroflexi,Anaerolineae,SBR1031,SBR1031,SBR1031,400,0,0,800,0,0,0,0,1300,11800,9900,8900,18300,19700,12900,0,0,0,11800,8200,3500,1000,5300,3400
Bacteria,Bacteroidota,Ignavibacteria,Ignavibacteriales,PHOS-HE36,PHOS-HE36,2000,1900,900,3200,2500,1800,3900,1600,2700,7000,8000,9600,7600,9300,7900,4900,2200,1900,5700,4300,5800,4400,9000,7400
Bacteria,Proteobacteria,Gammaproteobacteria,Burkholderiales,Oxalobacteraceae,Genus of Oxalobacteraceae,0,1400,89900,1400,700,600,0,600,1900,0,0,0,0,0,0,0,0,700,0,0,0,1000,8400,8100
Bacteria,Proteobacteria,Alphaproteobacteria,Rhizobiales,Family of Rhizobiales,Genus of Rhizobiales,800,0,0,2900,4800,12600,1900,4200,37300,0,1200,7900,0,1100,9300,1500,1700,5100,800,700,6200,500,6600,7400
Bacteria,Proteobacteria,Gammaproteobacteria,Xanthomonadales,Xanthomonadaceae,Genus of Xanthomonadaceae,1700,0,1300,0,0,0,800,800,3300,5900,3400,4200,6600,12200,20300,900,1400,3500,6300,7800,2300,2100,12300,15300
Bacteria,Chloroflexi,Anaerolineae,1-20,1-20,1-20,500,0,300,1400,0,0,0,0,1900,10300,12100,11000,9100,12800,9100,0,500,0,10600,5400,5700,5600,6400,7000
Bacteria,SAR324_clade(Marine_group_B),SAR324_clade(Marine_group_B),SAR324_clade(Marine_group_B),SAR324_clade(Marine_group_B),SAR324_clade(Marine_group_B),200,1100,0,1700,1300,200,5200,2500,1000,11700,4900,5000,10600,10300,4000,9800,3900,1300,8100,6400,5000,1800,6600,5100
Bacteria,Fibrobacterota,Fibrobacteria,Fibrobacterales,Fibrobacteraceae,Genus of Fibrobacteraceae,0,5500,3900,0,0,0,0,0,0,17700,1300,0,26000,4300,0,0,0,0,26400,1200,0,10800,4000,1100
Bacteria,Bacteroidota,Bacteroidia,Chitinophagales,Chitinophagaceae,Taibaiella,0,0,0,800,0,0,0,0,0,0,1400,96600,0,0,0,0,0,0,0,0,1800,0,0,0
Bacteria,Proteobacteria,Alphaproteobacteria,Rhodospirillales,Family of Rhodospirillales,Genus of Rhodospirillales,1600,0,0,7800,1800,1800,4500,6100,42600,3500,2300,2800,2600,2200,1900,5800,1200,5000,2400,2900,1700,0,0,0
Bacteria,Proteobacteria,Gammaproteobacteria,Gammaproteobacteria_Incertae_Sedis,Unknown_Family,Acidibacter,1800,500,0,3400,3100,1700,3200,1700,4100,6100,8300,9100,6900,3400,6300,6000,0,1100,6300,5500,5300,4100,4600,4000
Bacteria,Bacteroidota,Bacteroidia,Cytophagales,Cyclobacteriaceae,Marinoscillum,13600,1800,3200,1700,1800,1300,1600,4800,1500,1100,700,1800,1000,1400,0,4200,14500,29300,0,1200,2300,800,2900,3800
Bacteria,Hydrogenedentes,Hydrogenedentia,Hydrogenedentiales,Hydrogenedensaceae,Hydrogenedensaceae,2500,3100,900,7600,1000,1200,7700,4400,8800,8500,4100,1700,5200,7200,2500,5200,1100,2700,4900,2800,1800,3100,3700,2600
Bacteria,Acidobacteriota,Blastocatellia,Blastocatellales,Blastocatellaceae,Genus of Blastocatellaceae,4500,1100,3700,10200,2800,2700,10500,9700,15000,400,0,0,1300,2300,300,8800,7600,7100,1200,1000,0,0,2600,0
Bacteria,Proteobacteria,Gammaproteobacteria,Ga0077536,Ga0077536,Ga0077536,0,2600,2700,10700,3600,900,12400,4100,1100,5200,2500,1300,3600,3200,3900,11300,3100,1200,3400,4300,900,3400,4500,2900
Bacteria,Bacteroidota,Bacteroidia,Bacteroidales,Tannerellaceae,Macellibacteroides,1200,500,700,25000,9700,6800,28500,1900,1300,0,5200,2600,0,900,0,7600,0,0,0,700,0,0,0,0
Bacteria,Planctomycetota,Planctomycetes,Planctomycetales,Rubinisphaeraceae,Genus of Rubinisphaeraceae,3700,5500,5600,9100,8700,7900,10600,7600,5700,2200,1600,2400,3600,2900,1900,600,2300,0,2800,1000,1200,1800,2100,1400
Bacteria,Planctomycetota,Class of Planctomycetota,Order of Planctomycetota,Family of Planctomycetota,Genus of Planctomycetota,500,0,200,1000,0,0,1900,500,1500,14500,500,500,18800,9600,8600,9100,2700,1600,6600,1600,900,5600,3800,1500
Bacteria,Acidobacteriota,Holophagae,Subgroup_7,Subgroup_7,Subgroup_7,700,0,0,800,500,500,0,0,800,5700,5800,9100,6600,3700,3800,0,0,0,3700,8200,7800,9900,12900,10100
Bacteria,Proteobacteria,Gammaproteobacteria,Cellvibrionales,Halieaceae,Halioglobus,9300,2600,4000,12100,9300,7400,11600,6100,8200,0,0,0,0,0,0,11300,4600,3300,0,0,0,0,0,0
Bacteria,Actinobacteriota,Acidimicrobiia,Microtrichales,Microtrichaceae,IMCC26207,800,300,0,1700,24000,22200,1700,1500,3100,700,5300,10800,600,0,0,2100,0,1100,0,1500,11400,0,0,0
Bacteria,Proteobacteria,Gammaproteobacteria,CCM19a,CCM19a,CCM19a,3300,2000,1000,7900,5100,2800,7600,3800,4800,3600,3700,2000,4400,3100,2900,9400,3600,2800,4000,3200,2900,4600,0,0
Bacteria,Bacteroidota,Bacteroidia,Bacteroidales,Prolixibacteraceae,WCHB1-32,3800,0,0,18700,4900,2200,15900,0,1600,2600,0,0,1900,0,0,23300,4100,3500,0,0,1200,3500,0,1100
Bacteria,Desulfobacterota,Desulfuromonadia,PB19,PB19,PB19,7500,6000,8300,3800,1900,500,3400,1900,1800,10800,2300,2000,5900,6800,6200,1000,2200,2300,4800,3700,1900,2100,500,0
Bacteria,Proteobacteria,Gammaproteobacteria,Burkholderiales,Rhodocyclaceae,Methyloversatilis,7900,3800,2800,6500,22000,11200,7700,6800,4200,0,0,0,0,0,0,5100,3400,6100,0,0,0,0,0,0
Bacteria,Verrucomicrobiota,Verrucomicrobiae,Pedosphaerales,Pedosphaeraceae,SH3-11,2700,6500,3800,4500,1300,0,4700,2200,2300,6900,1500,0,8700,5000,3200,3700,1400,600,4300,1200,0,7400,8300,6600
Bacteria,Proteobacteria,Gammaproteobacteria,Burkholderiales,Rhodocyclaceae,Azonexus,0,0,4700,0,0,2100,0,1600,1600,0,8500,55100,0,0,0,0,0,11400,0,1100,0,0,0,0
Bacteria,Proteobacteria,Alphaproteobacteria,Micropepsales,Micropepsaceae,Genus of Micropepsaceae,4800,3400,3700,5400,2100,2800,7800,2900,6000,2500,1800,1900,3500,2300,2500,4800,2600,1600,1600,2000,1700,6500,6400,5200
Bacteria,Myxococcota,Polyangia,Polyangiales,Phaselicystidaceae,Phaselicystis,2200,4000,2100,0,1300,0,0,1900,2200,12000,4800,2700,11200,7900,5800,2200,0,1100,8100,3700,1100,6000,1800,2000
Bacteria,Proteobacteria,Alphaproteobacteria,Rhodobacterales,Rhodobacteraceae,Gemmobacter,6600,0,900,1000,4100,21500,0,1300,11100,0,2400,19500,0,0,2400,0,0,1400,0,1000,3600,0,1800,2500
Bacteria,Myxococcota,Polyangia,Polyangiales,Sandaracinaceae,Sandaracinus,900,1200,1300,0,0,0,600,400,1500,13900,2100,700,11500,11700,7000,0,0,0,7900,4600,2000,5000,3300,2900
Bacteria,Bacteroidota,Bacteroidia,Cytophagales,Cytophagaceae,Cytophaga,0,3700,1600,0,0,0,0,0,0,3500,6200,7400,3100,8700,4200,0,0,0,1800,12500,18000,3500,1900,1200
Bacteria,Proteobacteria,Gammaproteobacteria,Pseudomonadales,Moraxellaceae,Fluviicoccus,0,2400,0,11400,0,0,8200,0,0,4200,1900,0,13700,4600,2100,4200,2200,0,8200,1700,0,4800,3500,2700
Bacteria,Firmicutes,Bacilli,Brevibacillales,Brevibacillaceae,Brevibacillus,3100,3000,3400,5100,2900,2000,2000,2100,10800,2900,3100,2000,2400,10600,2200,1600,2100,3300,1600,1100,1500,800,2800,1700
Bacteria,Proteobacteria,Alphaproteobacteria,Rhizobiales,Devosiaceae,Devosia,2300,1300,1800,1700,3800,4100,1600,1600,5300,3500,3100,5700,5300,4000,3400,1300,600,2800,1700,4600,2000,3300,5400,3800
Bacteria,Myxococcota,Polyangia,Polyangiales,Polyangiaceae,Genus of Polyangiaceae,0,0,0,1500,0,0,0,0,0,16800,2400,0,9000,11300,800,1200,0,0,9500,3000,1700,7300,5800,3600
Bacteria,Planctomycetota,BD7-11,BD7-11,BD7-11,BD7-11,0,1400,1200,9600,0,0,9000,1200,1200,7300,2500,3100,4400,6200,5100,8400,800,0,2800,4100,2200,700,900,700
Bacteria,Proteobacteria,Gammaproteobacteria,Burkholderiales,Comamonadaceae,Pseudorhodoferax,0,0,1500,0,0,0,0,0,5600,0,0,0,0,0,0,0,0,0,0,0,0,0,30400,35200
Bacteria,Proteobacteria,Gammaproteobacteria,Burkholderiales,Rhodocyclaceae,Sterolibacterium,0,1700,1100,1800,600,0,2200,0,700,7400,8400,2800,13900,3600,2300,900,400,0,10600,2100,1700,5700,2800,1200
Bacteria,Proteobacteria,Gammaproteobacteria,Immundisolibacterales,Immundisolibacteraceae,Genus of Immundisolibacteraceae,0,8600,2200,5300,0,0,10700,600,0,7600,11200,1200,6800,4700,0,4800,0,0,2300,0,0,3200,1800,0
Bacteria,Proteobacteria,Gammaproteobacteria,Burkholderiales,Nitrosomonadaceae,MND1,1400,0,1000,3400,1500,800,3700,2300,4400,4300,2100,1600,5800,3400,2500,2400,2700,2400,2700,3200,3800,3300,5700,6400
Bacteria,Proteobacteria,Gammaproteobacteria,Burkholderiales,SC-I-84,SC-I-84,0,0,0,0,0,800,0,500,800,5300,3600,5400,8200,4400,1200,800,0,0,4900,4700,6700,6400,9600,7500
Bacteria,Planctomycetota,Planctomycetes,Pirellulales,Pirellulaceae,Genus of Pirellulaceae,0,0,0,2000,800,700,2100,0,2000,8900,5000,7100,7900,9600,6000,3100,600,500,6000,2800,2500,1500,600,400
Bacteria,Bacteroidota,Bacteroidia,Flavobacteriales,Flavobacteriaceae,Genus of Flavobacteriaceae,0,1700,1900,6800,2000,1100,8100,3400,1000,2500,1200,700,4300,2600,1100,6100,3200,1700,2700,400,0,10800,4600,2100
Bacteria,Verrucomicrobiota,Verrucomicrobiae,Verrucomicrobiales,DEV007,DEV007,0,2500,1500,3100,1100,1100,3800,1100,4900,2800,2300,500,2300,4300,2000,8400,4000,8500,2100,900,0,6100,4700,1600
Bacteria,Proteobacteria,Gammaproteobacteria,R7C24,R7C24,R7C24,0,900,0,3700,2200,600,2600,1200,4000,5500,5300,4400,5700,3600,3700,4300,2400,0,3800,4100,2000,4000,2700,2200
Bacteria,Actinobacteriota,Actinobacteria,Micrococcales,Intrasporangiaceae,Tetrasphaera,1100,0,0,0,0,0,0,0,0,4200,4400,7100,7700,5100,4400,0,0,0,2900,5400,5700,7300,9000,4500
Bacteria,Proteobacteria,Gammaproteobacteria,PLTA13,PLTA13,PLTA13,0,0,0,300,0,0,0,0,0,9000,7700,7300,8000,8500,8800,0,0,0,2700,6100,4300,0,3600,2000
Bacteria,Proteobacteria,Gammaproteobacteria,Burkholderiales,Gallionellaceae,Candidatus_Nitrotoga,1200,1500,1800,7900,11100,13300,7500,6600,6600,0,0,0,0,0,0,4600,2400,3400,0,0,0,0,0,0
Bacteria,Acidobacteriota,Vicinamibacteria,Vicinamibacterales,Vicinamibacteraceae,Genus of Vicinamibacteraceae,3000,1600,0,3400,1900,700,5600,5700,3100,1800,3300,0,2500,2200,2400,3200,1700,2100,0,1600,2800,2600,7500,9000
Bacteria,Proteobacteria,Alphaproteobacteria,Rhizobiales,Rhizobiales_Incertae_Sedis,Genus of Rhizobiales_Incertae_Sedis,0,600,600,3200,1600,2600,5100,1700,3300,3400,2100,3900,5000,4800,1400,4100,1500,1800,2700,2100,3200,6500,3000,2800
Bacteria,Proteobacteria,Alphaproteobacteria,Caulobacterales,Caulobacteraceae,Caulobacter,0,0,0,0,0,0,0,0,0,1800,2000,0,2500,2000,6900,0,0,0,0,2200,2000,4400,22600,19800
Bacteria,Gemmatimonadota,Gemmatimonadetes,Gemmatimonadales,Gemmatimonadaceae,Gemmatimonas,2300,800,800,500,300,1500,2100,800,2800,1400,1600,2000,1800,2700,2700,1500,1200,0,600,1000,2500,4700,16100,13200
Bacteria,Chloroflexi,OLB14,OLB14,OLB14,OLB14,1200,0,0,1000,700,0,0,2000,1700,13600,5800,4700,6200,9700,4900,800,400,0,2200,3600,2700,1100,1300,1000
Bacteria,Actinobacteriota,Acidimicrobiia,Microtrichales,Iamiaceae,Iamia,2700,2400,1000,1600,3800,2500,2100,5100,2300,5400,4300,5600,3100,2900,2700,2000,1000,500,1700,2300,6500,1400,900,0
Bacteria,Bacteroidota,Bacteroidia,Bacteroidales,Bacteroidaceae,Bacteroides,0,400,0,22500,4400,3900,21000,1300,1200,500,300,1800,900,0,0,3700,0,300,600,0,0,0,0,0
Bacteria,Cyanobacteria,Sericytochromatia,Sericytochromatia,Sericytochromatia,Sericytochromatia,1200,1200,700,200,0,0,0,300,1200,800,500,400,1000,1600,600,0,0,0,1400,500,200,1700,22900,24700
Bacteria,Proteobacteria,Alphaproteobacteria,Acetobacterales,Acetobacteraceae,Genus of Acetobacteraceae,4800,1700,2100,1900,2000,2000,2600,1800,4400,2400,3900,3800,2400,3000,3000,0,900,1800,900,2900,1900,1100,4400,4200
Bacteria,Acidobacteriota,Holophagae,Holophagales,Holophagaceae,Geothrix,800,1400,1300,12800,6800,2900,15400,10300,7800,0,0,0,0,0,0,0,0,0,0,0,0,0,0,0
Bacteria,Proteobacteria,Alphaproteobacteria,Sphingomonadales,Sphingomonadaceae,Sphingobium,2500,2300,2400,4000,4500,3800,6000,5000,3800,1300,1600,2400,700,2000,1700,4700,700,2200,1300,2000,0,1200,1500,1500
Bacteria,Bacteroidota,Bacteroidia,Chitinophagales,Chitinophagaceae,Niabella,0,0,0,0,0,0,0,0,0,5000,8000,8800,1900,3100,3400,0,0,0,1400,2000,1700,6600,9100,7300
Bacteria,Proteobacteria,Alphaproteobacteria,Rickettsiales,SM2D12,SM2D12,12900,2700,10500,2600,600,700,2500,3700,13300,0,0,0,0,0,0,4100,1900,2500,0,0,0,0,0,0
Bacteria,Chloroflexi,Anaerolineae,SBR1031,A4b,OLB13,0,0,0,800,0,0,200,0,800,900,10500,11400,1700,800,6300,0,0,0,2500,7600,10300,700,600,1200
Bacteria,Bacteroidota,Bacteroidia,Bacteroidales,Williamwhitmaniaceae,Williamwhitmania,900,0,0,5300,1200,1000,5400,1500,800,0,3700,0,800,600,600,25400,5700,0,600,0,0,500,0,0
Bacteria,Bacteroidota,Bacteroidia,Flavobacteriales,Cryomorphaceae,Genus of Cryomorphaceae,5800,11300,7500,9500,1700,0,7600,3300,1500,0,0,0,0,0,0,2700,1700,1000,0,0,0,0,0,0
Bacteria,Firmicutes,Bacilli,Bacillales,Bacillaceae,Bacillus,2100,1800,2900,2600,2200,1400,1400,1000,9900,900,1900,1900,1100,9900,1100,1400,0,1800,1000,700,0,1500,2100,1200
Bacteria,Proteobacteria,Alphaproteobacteria,Caulobacterales,Caulobacteraceae,Genus of Caulobacteraceae,0,1800,12900,0,0,0,0,0,0,5400,2000,0,4300,4400,1900,0,0,0,1800,1400,1600,1900,5000,7400
Bacteria,Acidobacteriota,Acidobacteriae,Bryobacterales,Bryobacteraceae,Bryobacter,0,600,0,800,0,600,0,1400,1600,5600,3900,5400,4400,5100,4700,1500,0,0,4300,1900,0,1400,4100,2900
Bacteria,Desulfobacterota,Desulfuromonadia,Bradymonadales,Bradymonadales,Bradymonadales,400,0,0,0,700,0,0,0,700,5400,1400,0,2800,6500,3800,300,200,400,3300,4100,900,2000,7400,9000
Bacteria,Acidobacteriota,Acidobacteriae,Elev-16S-1166,Elev-16S-1166,Elev-16S-1166,0,0,0,0,0,0,0,0,0,6200,7000,2300,6200,8500,4900,0,0,900,2700,2400,3300,0,2800,500
Bacteria,Bacteroidota,Bacteroidia,Sphingobacteriales,ST-12K33,ST-12K33,0,0,0,2300,2100,800,3400,1700,2200,2900,9200,5300,1300,2200,2000,3300,900,400,1200,2100,2100,1200,300,800
Bacteria,Actinobacteriota,Acidimicrobiia,Microtrichales,Ilumatobacteraceae,CL500-29_marine_group,0,1300,0,2100,5000,9900,0,0,0,2600,5300,7300,1700,1200,0,0,0,0,1500,1800,6600,0,0,1300
Bacteria,Proteobacteria,Alphaproteobacteria,Rhizobiales,Hyphomicrobiaceae,Hyphomicrobium,2300,0,0,2900,5400,6700,1800,4000,7400,0,0,0,0,1700,1600,3900,3700,3700,1100,0,1400,0,0,0
Bacteria,Proteobacteria,Gammaproteobacteria,Alteromonadales,Alteromonadaceae,Rheinheimera,0,900,1000,1700,2200,700,1300,2500,15000,0,1300,3300,0,0,0,1800,6100,3800,0,1000,700,0,1300,1600
Bacteria,Bacteroidota,Bacteroidia,Bacteroidales,SB-5,SB-5,0,0,0,0,0,0,0,0,0,5000,2500,400,5400,6400,4000,0,0,0,6300,2000,700,3700,4800,4300
Bacteria,Proteobacteria,Alphaproteobacteria,Rhizobiales,Rhizobiaceae,Mesorhizobium,2200,0,700,0,1300,0,1100,3300,1500,1100,2100,12900,0,3900,3900,0,0,2000,0,1200,3800,0,1300,3000
Bacteria,Proteobacteria,Alphaproteobacteria,Rhizobiales,Xanthobacteraceae,Afipia,1400,2200,5700,0,1500,5400,1900,2200,16600,0,0,1600,0,1100,0,0,0,2500,0,0,1900,0,0,0
Bacteria,Fusobacteriota,Fusobacteriia,Fusobacteriales,Fusobacteriaceae,Cetobacterium,500,0,0,12100,3000,1300,13500,2800,1600,0,0,0,0,0,0,6800,700,600,0,0,0,0,0,0
Bacteria,Proteobacteria,Alphaproteobacteria,Sphingomonadales,Sphingomonadaceae,Rhizorhapis,0,0,600,0,0,0,0,0,600,1500,2400,0,2400,3200,7600,0,0,0,1200,3200,0,4300,8300,7600
Bacteria,Proteobacteria,Gammaproteobacteria,Steroidobacterales,Steroidobacteraceae,Genus of Steroidobacteraceae,1600,0,0,2200,1600,1600,3500,1700,2700,2600,1400,3300,0,2400,2100,2600,1300,700,800,0,1700,1400,3500,3500
Bacteria,Bacteroidota,Bacteroidia,Flavobacteriales,Crocinitomicaceae,Fluviicola,0,0,0,0,0,0,0,0,0,400,2600,7100,900,2500,500,3500,11000,13100,0,0,0,0,0,0
Bacteria,Bacteroidota,Bacteroidia,Bacteroidales,Williamwhitmaniaceae,Blvii28_wastewater-sludge_group,0,0,0,11100,2800,800,11700,1800,1800,1000,500,0,2700,0,0,4700,600,500,1300,0,0,0,0,0
Bacteria,Proteobacteria,Alphaproteobacteria,Reyranellales,Reyranellaceae,Reyranella,2300,1200,1600,2600,5500,6300,3100,2700,13200,0,0,0,0,0,0,900,900,900,0,0,0,0,0,0
Bacteria,Proteobacteria,Gammaproteobacteria,Pseudomonadales,Moraxellaceae,Cavicella,5600,16400,10300,2400,1200,600,2000,1400,0,0,0,0,0,0,0,0,0,0,0,0,0,0,700,0
Bacteria,Sumerlaeota,Sumerlaeia,Sumerlaeales,Sumerlaeaceae,Sumerlaea,500,0,0,1300,0,0,1700,0,600,2200,800,800,4400,4400,4400,1900,500,0,4300,2000,1300,1800,4000,3600
Bacteria,Fibrobacterota,Chitinivibrionia,Order of Chitinivibrionia,Family of Chitinivibrionia,Genus of Chitinivibrionia,0,0,0,0,0,0,0,0,600,3800,4200,3700,4100,4700,4600,0,0,0,4100,4500,2100,1200,1500,900
Bacteria,Proteobacteria,Gammaproteobacteria,Ectothiorhodospirales,Thioalkalispiraceae,Genus of Thioalkalispiraceae,0,0,0,2600,0,0,4400,0,700,5100,1500,0,3500,2000,700,7100,2100,800,3100,1600,800,1500,2400,0
Bacteria,Bacteroidota,Bacteroidia,Cytophagales,Family of Cytophagales,Genus of Cytophagales,0,0,0,0,0,0,0,0,0,2400,500,500,3700,5300,5100,0,0,0,4700,1000,1200,1800,6300,6300
Bacteria,Actinobacteriota,Acidimicrobiia,IMCC26256,IMCC26256,IMCC26256,0,0,0,1100,2500,2700,2000,1300,1000,1600,7300,4300,1300,800,4100,0,0,0,1200,3400,3900,0,0,0
Bacteria,WPS-2,WPS-2,WPS-2,WPS-2,WPS-2,0,4800,1000,3600,300,0,1500,2000,1700,2500,2100,700,3100,1900,500,0,0,0,2800,1200,700,5600,1500,800
Bacteria,Myxococcota,Polyangia,Blfdi19,Blfdi19,Blfdi19,0,1000,800,4000,1000,600,4300,1600,1400,700,0,0,1600,800,0,14300,2800,2600,500,0,0,0,0,0
Bacteria,Cyanobacteria,Vampirivibrionia,Vampirovibrionales,Vampirovibrionales,Vampirovibrionales,0,0,0,0,0,0,0,0,700,5100,4000,3000,4800,4600,4000,0,0,0,3900,4200,2600,0,0,0
Bacteria,Proteobacteria,Alphaproteobacteria,Rhodospirillales,Rhodospirillaceae,Genus of Rhodospirillaceae,800,0,0,3800,700,0,4200,1200,1000,1900,1500,700,2900,1800,600,8300,2300,1200,1100,0,900,400,0,1200
Bacteria,Proteobacteria,Gammaproteobacteria,Pseudomonadales,Moraxellaceae,Genus of Moraxellaceae,0,0,0,0,0,0,0,0,0,4700,1000,0,6600,4900,2500,0,0,0,4200,1400,0,3200,3400,4300
Bacteria,Proteobacteria,Gammaproteobacteria,Burkholderiales,TRA3-20,TRA3-20,1100,0,0,2900,1100,2800,3300,1500,5700,1900,0,1000,600,1900,700,2900,1200,2700,0,800,1000,0,1900,800
Bacteria,Proteobacteria,Gammaproteobacteria,Burkholderiales,Rhodocyclaceae,Azospira,0,0,800,0,0,0,0,0,0,0,10300,0,6200,13600,4800,0,0,0,0,0,0,0,0,0
Bacteria,Proteobacteria,Alphaproteobacteria,Caedibacterales,Caedibacteraceae,Caedibacter,0,9000,7100,3700,1000,1200,4200,1200,2300,0,0,0,400,0,0,4200,0,0,400,0,0,0,0,0
Bacteria,Actinobacteriota,Acidimicrobiia,Microtrichales,Microtrichaceae,Genus of Microtrichaceae,0,0,0,0,4600,3900,0,0,2000,1300,5400,5900,900,1000,0,0,0,0,0,2900,5600,0,0,900
Bacteria,Bacteroidota,Bacteroidia,Cytophagales,Microscillaceae,Chryseolinea,2900,1900,1400,2800,1700,2900,2100,2200,2400,0,0,0,0,0,0,5800,3500,4300,0,0,0,0,0,0
Bacteria,Proteobacteria,Gammaproteobacteria,Burkholderiales,Oxalobacteraceae,Undibacterium,500,4200,2000,2800,0,0,3200,0,0,2100,1900,0,2700,2500,1400,1400,700,900,400,0,0,1000,2400,3600
Bacteria,Proteobacteria,Alphaproteobacteria,Rhodospirillales,Magnetospirillaceae,Magnetospirillum,0,1400,30900,0,0,0,0,0,1100,0,0,0,0,0,0,0,0,0,0,0,0,0,0,0
Bacteria,Desulfobacterota,Desulfovibrionia,Desulfovibrionales,Desulfomicrobiaceae,Desulfomicrobium,0,1200,0,8500,2900,1100,7800,3000,1800,0,0,800,0,0,0,3000,1500,1400,0,0,0,0,0,0
Bacteria,Planctomycetota,Phycisphaerae,Tepidisphaerales,CPla-3_termite_group,CPla-3_termite_group,300,0,0,800,0,0,300,0,0,6000,2500,3100,5900,3800,1400,0,0,0,3500,1700,2700,600,0,400
Bacteria,Verrucomicrobiota,Kiritimatiellae,WCHB1-41,WCHB1-41,WCHB1-41,600,1800,0,2300,2100,0,3100,500,0,1900,3400,500,2900,1000,1700,300,0,400,900,800,700,900,3000,3900
Bacteria,Proteobacteria,Alphaproteobacteria,Ferrovibrionales,Ferrovibrionales,Taonella,3000,200,1700,900,1700,5500,600,1300,7900,0,400,1700,0,600,600,1100,2000,2500,0,0,900,0,0,0
Bacteria,Verrucomicrobiota,Verrucomicrobiae,Pedosphaerales,Pedosphaeraceae,DEV114,0,0,0,0,0,0,0,0,0,7100,2100,0,6500,6400,1700,0,0,0,3400,2600,700,1100,0,800
Bacteria,Proteobacteria,Alphaproteobacteria,Rhizobiales,Rhizobiaceae,Allorhizobium-Neorhizobium-Pararhizobium-Rhizobium,0,0,0,0,0,6800,0,0,2800,0,0,15100,0,0,0,0,600,6800,0,0,0,0,0,0
Bacteria,Acidobacteriota,Blastocatellia,DS-100,DS-100,DS-100,500,0,0,800,0,0,0,0,0,6500,1800,2400,3000,5000,2000,0,0,0,1900,3300,2300,0,1500,800
Bacteria,Cyanobacteria,Vampirivibrionia,Obscuribacterales,Obscuribacteraceae,Obscuribacteraceae,0,1000,900,4700,1200,1600,3900,2700,2900,0,0,0,0,0,0,8100,2600,2100,0,0,0,0,0,0
Bacteria,Proteobacteria,Alphaproteobacteria,Paracaedibacterales,Paracaedibacteraceae,Candidatus_Paracaedibacter,0,0,0,600,600,2500,800,700,2100,4300,2700,2200,2700,2500,1900,0,0,0,2200,4500,0,700,0,0
Bacteria,Bacteroidota,Ignavibacteria,Ignavibacteriales,Melioribacteraceae,IheB3-7,0,0,0,0,0,0,0,0,0,3700,2500,2000,2500,3600,2200,0,0,0,2400,1800,800,2700,2600,3800
Bacteria,Proteobacteria,Gammaproteobacteria,Thiotrichales,Thiotrichaceae,Thiothrix,2900,2100,1300,800,1700,1100,1800,2700,14800,0,0,0,0,0,0,400,0,0,0,0,0,0,0,0
Bacteria,Bacteroidota,Bacteroidia,Bacteroidales,Rikenellaceae,Anaerocella,0,0,0,9000,1800,0,7800,900,300,0,300,0,0,0,0,9300,0,0,0,0,0,0,0,0
Bacteria,Firmicutes,Clostridia,Peptostreptococcales-Tissierellales,Sedimentibacteraceae,Sedimentibacter,0,0,0,6100,500,500,6700,0,0,0,0,0,0,0,0,13400,1100,700,0,0,0,0,0,0
Bacteria,Proteobacteria,Alphaproteobacteria,Rhodobacterales,Rhodobacteraceae,Defluviimonas,0,0,600,0,7100,7000,0,0,5100,0,1700,4200,0,0,0,0,0,900,0,700,1700,0,0,0
Bacteria,Proteobacteria,Gammaproteobacteria,Cellvibrionales,Cellvibrionaceae,Genus of Cellvibrionaceae,0,19200,8400,0,0,0,500,0,0,0,0,0,0,0,0,0,0,0,0,0,0,0,0,400
Bacteria,Firmicutes,Clostridia,Lachnospirales,Lachnospiraceae,XBB1006,0,0,0,14100,1000,0,13300,0,0,0,0,0,0,0,0,0,0,0,0,0,0,0,0,0
Bacteria,Bdellovibrionota,Bdellovibrionia,Bacteriovoracales,Bacteriovoracaceae,Peredibacter,1000,900,500,1800,0,0,2600,1800,600,2300,1000,0,3000,200,0,1400,5000,0,4200,300,0,1100,0,0
Bacteria,Proteobacteria,Gammaproteobacteria,Burkholderiales,Rhodocyclaceae,Azovibrio,0,0,0,0,0,0,0,0,0,4600,2400,1400,4600,5200,2100,0,0,0,2800,2700,0,0,1100,800
Bacteria,Bdellovibrionota,Oligoflexia,Oligoflexales,Family of Oligoflexales,Genus of Oligoflexales,0,0,0,0,0,0,0,0,200,4600,1700,0,5500,1400,300,4000,1500,0,6000,1300,400,0,0,0
Bacteria,Firmicutes,Bacilli,Lactobacillales,Carnobacteriaceae,Trichococcus,0,2700,600,1500,2900,2100,0,0,2500,0,2600,2200,0,0,0,0,400,0,1000,1100,0,3300,1900,2100
Bacteria,Actinobacteriota,Acidimicrobiia,Microtrichales,Microtrichaceae,Candidatus_Microthrix,0,1200,0,1900,800,1900,1700,2800,600,1000,0,0,800,600,0,1200,0,0,2000,0,0,2500,3600,3600
Bacteria,Proteobacteria,Gammaproteobacteria,Run-SP154,Run-SP154,Run-SP154,0,0,0,1900,1500,900,1800,0,1700,0,1200,1900,400,1200,800,4400,1400,1700,0,900,2500,1200,0,0
Bacteria,Myxococcota,Polyangia,Polyangiales,BIrii41,BIrii41,0,0,0,0,0,0,0,0,0,6300,1900,1600,6600,1300,0,0,0,0,5800,900,0,900,0,0
Bacteria,Planctomycetota,Planctomycetes,Planctomycetales,Family of Planctomycetales,Genus of Planctomycetales,1100,0,0,800,2100,1800,1100,600,2700,2100,0,600,1000,1200,1000,2200,1600,600,0,1100,1200,500,900,700
Bacteria,Bacteroidota,Bacteroidia,Bacteroidales,Rikenellaceae,Rikenellaceae,0,0,0,6300,1600,900,6600,1000,1600,0,400,0,0,0,0,5200,700,0,0,0,0,0,0,0
Bacteria,Proteobacteria,Gammaproteobacteria,Order of Gammaproteobacteria,Family of Gammaproteobacteria,Genus of Gammaproteobacteria,0,0,0,0,0,0,0,0,0,3300,2700,2700,2400,1800,2100,0,0,0,2600,4000,2400,0,300,0
Bacteria,Proteobacteria,Alphaproteobacteria,Dongiales,Dongiaceae,Dongia,1900,0,900,0,0,0,800,600,2700,1600,1700,0,800,1000,1100,1500,1600,3600,0,1000,700,0,1200,1300
Bacteria,Proteobacteria,Alphaproteobacteria,Micavibrionales,Micavibrionaceae,Genus of Micavibrionaceae,4200,600,0,900,0,0,600,800,5200,0,0,0,0,0,0,6400,2400,2100,0,0,0,0,0,700
Bacteria,Patescibacteria,Saccharimonadia,Saccharimonadales,Saccharimonadales,Saccharimonadales,200,0,0,0,500,400,0,600,1800,2300,2700,1000,300,1500,1400,700,700,1200,2800,0,0,2800,1800,900
Bacteria,Planctomycetota,Planctomycetes,Planctomycetales,Schlesneriaceae,Planctopirus,500,1300,0,1700,0,0,1000,1100,0,1800,2200,1600,1800,2100,2200,1500,600,0,1500,1500,1200,0,0,0
Bacteria,Proteobacteria,Alphaproteobacteria,Rickettsiales,AB1,AB1,300,0,0,2300,600,0,2900,1200,1400,0,0,0,0,0,0,8800,3200,2500,0,0,0,0,0,0
Bacteria,Proteobacteria,Gammaproteobacteria,Burkholderiales,Comamonadaceae,Brachymonas,0,500,20300,0,0,700,0,0,1200,0,0,0,0,0,0,0,0,0,0,0,0,0,0,0
Bacteria,Acidobacteriota,Holophagae,Holophagales,Holophagaceae,Holophagaceae,0,0,0,0,0,0,0,0,0,2500,3900,1100,1500,1800,1000,2700,600,1300,2200,800,1300,1500,0,0
Bacteria,Proteobacteria,Gammaproteobacteria,Pseudomonadales,Moraxellaceae,Alkanindiges,0,0,0,0,0,0,0,0,0,0,0,0,11500,3800,0,0,0,0,6900,0,0,0,0,0
Bacteria,Firmicutes,Clostridia,Peptostreptococcales-Tissierellales,Acidaminobacteraceae,Acidaminobacter,0,0,1500,5200,1300,0,6000,0,0,0,2800,800,0,0,0,3600,0,0,0,0,0,0,0,900
Bacteria,Verrucomicrobiota,Verrucomicrobiae,Pedosphaerales,Pedosphaeraceae,DEV008,0,0,0,0,0,0,0,0,600,2200,1000,600,3800,3400,1800,0,0,0,2900,1200,400,1200,1700,700
Bacteria,Chloroflexi,Anaerolineae,Anaerolineales,Anaerolineaceae,Leptolinea,0,0,0,0,0,0,0,0,0,600,3500,1100,1700,2400,2400,0,0,0,2100,1700,3100,1300,500,800
Bacteria,Patescibacteria,Gracilibacteria,Gracilibacteria,Gracilibacteria,Gracilibacteria,0,0,0,0,0,0,0,0,0,0,0,0,900,800,0,0,0,0,1100,0,0,1000,8000,9300
Bacteria,Firmicutes,Bacilli,Erysipelotrichales,Erysipelotrichaceae,Erysipelothrix,0,0,0,0,0,0,0,0,0,500,2800,14800,0,0,0,0,0,0,0,0,2800,0,0,0
Bacteria,Firmicutes,Bacilli,Bacillales,Planococcaceae,Lysinibacillus,1400,900,1200,1400,0,0,300,500,3900,0,0,1600,1000,5300,0,0,900,1700,700,0,0,0,0,0
Bacteria,Actinobacteriota,Actinobacteria,PeM15,PeM15,PeM15,0,0,0,0,0,0,0,0,0,2100,2100,2700,1900,1100,1300,0,0,0,1400,2000,4200,1400,0,0
Bacteria,Proteobacteria,Gammaproteobacteria,Competibacterales,Competibacteraceae,Candidatus_Contendobacter,0,0,0,0,0,0,0,0,0,3600,1400,0,3800,6200,0,0,0,0,2000,0,0,1300,0,1800
Bacteria,Bacteroidota,Bacteroidia,Bacteroidales,Paludibacteraceae,Genus of Paludibacteraceae,0,0,0,7200,1600,0,7300,0,0,0,500,900,0,0,0,2400,0,0,0,0,0,0,0,0
Bacteria,Bacteroidota,Bacteroidia,Sphingobacteriales,KD1-131,KD1-131,0,0,0,0,0,0,0,0,0,1400,0,0,1400,0,0,0,0,0,0,0,0,5700,6200,4800
Bacteria,Myxococcota,Myxococcia,Myxococcales,Myxococcaceae,Genus of Myxococcaceae,0,0,0,0,0,600,1100,800,0,2200,0,0,1700,900,0,2600,1200,0,1700,700,0,3200,2700,0
Bacteria,Proteobacteria,Alphaproteobacteria,Rhizobiales,Xanthobacteraceae,Bradyrhizobium,0,0,0,0,0,0,0,0,0,1900,2800,2100,1900,1500,1800,0,0,0,1200,2100,0,0,2500,1300
Bacteria,Proteobacteria,Gammaproteobacteria,Burkholderiales,Nitrosomonadaceae,Genus of Nitrosomonadaceae,0,0,0,1700,0,0,0,0,0,2000,0,800,2300,2200,1900,0,0,0,1000,2000,0,1300,2200,1700
Bacteria,Firmicutes,Clostridia,Peptostreptococcales-Tissierellales,Anaerovoracaceae,Anaerovorax,600,0,0,4600,0,0,4300,0,0,0,0,0,0,0,0,6000,2200,1200,0,0,0,0,0,0
Bacteria,Planctomycetota,Phycisphaerae,Tepidisphaerales,Tepidisphaeraceae,Tepidisphaeraceae,0,0,0,0,0,0,0,0,0,900,1100,1400,3400,2100,900,0,0,0,2400,0,1000,800,2100,2800
Bacteria,Planctomycetota,Planctomycetes,Pirellulales,Pirellulaceae,Pir4_lineage,1100,0,0,1500,900,1100,1100,1500,3300,600,900,400,700,1100,0,1000,1100,1100,0,0,0,0,600,900
Bacteria,Proteobacteria,Alphaproteobacteria,Sphingomonadales,Sphingomonadaceae,Sphingomonas,0,0,0,0,800,15600,0,0,0,0,1600,0,0,0,0,0,0,0,0,0,700,0,0,0
Bacteria,Proteobacteria,Gammaproteobacteria,Burkholderiales,Comamonadaceae,Comamonas,0,0,13000,0,0,4000,0,0,0,0,1600,0,0,0,0,0,0,0,0,0,0,0,0,0
Bacteria,Proteobacteria,Alphaproteobacteria,Acetobacterales,Acetobacteraceae,Roseomonas,0,0,0,0,0,0,0,0,0,500,700,1800,2000,700,0,0,0,0,1500,2400,2800,800,2700,2400
Bacteria,Chloroflexi,Anaerolineae,Anaerolineales,Anaerolineaceae,Anaerolinea,0,0,0,0,0,0,0,0,300,2400,2600,2000,1600,2400,1400,0,0,0,800,2500,2000,0,0,0
Bacteria,Proteobacteria,Alphaproteobacteria,Caulobacterales,Hyphomonadaceae,Hyphomonas,1500,0,1100,300,1300,1300,500,1000,1500,0,0,2000,0,0,0,600,500,2100,0,400,3900,0,0,0
Bacteria,Bacteroidota,Bacteroidia,Cytophagales,Spirosomaceae,Runella,0,0,900,0,0,0,0,0,0,900,2200,2700,0,0,1200,0,0,0,0,1600,5200,0,1900,1300
Bacteria,Firmicutes,Clostridia,Clostridiales,Clostridiaceae,Clostridium_sensu_stricto_7,0,0,9200,0,0,1400,0,0,0,0,0,2200,0,300,0,0,0,600,0,0,0,0,2200,2000
Bacteria,Firmicutes,Negativicutes,Acidaminococcales,Acidaminococcaceae,Genus of Acidaminococcaceae,0,0,0,3100,1200,1200,2800,1500,1800,900,0,0,800,0,0,1500,500,700,600,0,0,1300,0,0
Bacteria,Desulfobacterota,Desulfobulbia,Desulfobulbales,Desulfobulbaceae,Desulfobulbus,0,0,700,2800,1500,1300,2100,2300,2500,0,0,0,0,0,0,0,600,2100,0,1300,0,0,0,0
Bacteria,Proteobacteria,Gammaproteobacteria,Burkholderiales,Comamonadaceae,Giesbergeria,0,0,16600,0,0,0,0,0,0,0,0,0,0,0,0,0,0,0,0,0,0,0,0,0
Bacteria,Proteobacteria,Alphaproteobacteria,Rhizobiales,Rhizobiaceae,Genus of Rhizobiaceae,0,0,800,0,700,5600,0,0,2900,0,0,800,700,0,0,0,0,0,0,1000,900,900,1300,900
Bacteria,Chloroflexi,Anaerolineae,C10-SB1A,C10-SB1A,C10-SB1A,200,0,0,0,0,0,0,0,0,900,1800,700,2000,1800,2000,0,0,300,1300,1700,1400,400,700,800
Bacteria,Proteobacteria,Alphaproteobacteria,Rhodobacterales,Rhodobacteraceae,Amaricoccus,0,0,0,0,0,1000,0,0,600,0,0,1600,0,600,800,0,0,0,0,0,0,0,5300,5900
Bacteria,Myxococcota,Myxococcia,Myxococcales,Myxococcaceae,KD3-10,0,0,700,0,0,0,0,0,0,1200,0,0,1600,900,700,0,0,0,0,800,0,3600,2900,3100
Bacteria,Bacteroidota,Bacteroidia,Bacteroidales,Rikenellaceae,Genus of Rikenellaceae,0,0,0,3200,1100,0,5100,0,0,0,0,0,0,0,0,5900,0,0,0,0,0,0,0,0
Bacteria,Planctomycetota,028H05-P-BN-P5,028H05-P-BN-P5,028H05-P-BN-P5,028H05-P-BN-P5,0,1000,800,2000,400,500,1800,800,1500,700,0,0,600,1100,0,2500,1200,0,0,0,200,0,0,0
Bacteria,Proteobacteria,Gammaproteobacteria,Oceanospirillales,Pseudohongiellaceae,Pseudohongiella,0,900,0,4400,600,0,4200,0,0,0,0,0,0,0,0,4400,0,600,0,0,0,0,0,0
Bacteria,Proteobacteria,Gammaproteobacteria,Burkholderiales,Aquaspirillaceae,Rivicola,0,3400,7900,0,0,0,0,0,0,0,1700,0,900,1000,0,0,0,0,0,0,0,0,0,0
Bacteria,Proteobacteria,Gammaproteobacteria,Cellvibrionales,Cellvibrionaceae,Cellvibrio,0,9000,3200,0,0,0,0,0,0,0,0,0,0,0,0,0,0,0,0,0,0,1900,500,0
Bacteria,Proteobacteria,Gammaproteobacteria,Burkholderiales,Burkholderiaceae,Genus of Burkholderiaceae,0,0,0,0,0,0,0,0,0,600,1100,4400,1200,2100,0,0,0,0,0,900,800,0,2600,600
Bacteria,Verrucomicrobiota,Verrucomicrobiae,Verrucomicrobiales,Verrucomicrobiaceae,Brevifollis,0,0,0,1100,700,600,1300,2100,3500,0,0,0,0,0,0,2700,1000,1200,0,0,0,0,0,0
Bacteria,Verrucomicrobiota,Verrucomicrobiae,Opitutales,Opitutaceae,IMCC26134,3400,0,1200,0,1900,1600,2400,2000,0,0,0,0,0,0,0,0,1300,0,0,0,0,0,0,0
Bacteria,Planctomycetota,Planctomycetes,Planctomycetales,Rubinisphaeraceae,SH-PL14,0,0,0,0,0,0,0,0,1400,0,1000,1100,700,2000,700,0,0,300,0,0,0,1700,2600,2100
Bacteria,Verrucomicrobiota,Omnitrophia,Omnitrophales,Omnitrophales,Omnitrophales,800,1000,0,2000,0,0,3000,0,600,500,500,0,1600,0,400,1300,0,0,0,300,600,700,0,0
Bacteria,Actinobacteriota,Actinobacteria,Corynebacteriales,Mycobacteriaceae,Mycobacterium,0,0,0,0,0,900,700,0,600,1700,0,1700,1100,1400,700,1200,800,0,900,600,700,0,0,0
Bacteria,Proteobacteria,Gammaproteobacteria,Cellvibrionales,Porticoccaceae,C1-B045,0,1000,0,1100,0,0,2100,600,0,1000,0,900,1400,1000,0,600,0,0,800,700,0,1600,0,0
Bacteria,Firmicutes,Clostridia,Peptostreptococcales-Tissierellales,Peptostreptococcaceae,Romboutsia,0,0,0,1900,600,0,1100,0,0,0,800,0,700,1600,800,1400,0,600,600,0,800,0,1000,800
Bacteria,Patescibacteria,Parcubacteria,Order of Parcubacteria,Family of Parcubacteria,Genus of Parcubacteria,0,300,0,0,0,0,0,0,300,1300,0,0,3500,2600,600,0,0,0,2800,200,0,400,600,0
Bacteria,Planctomycetota,Phycisphaerae,Pla1_lineage,Pla1_lineage,Pla1_lineage,0,0,0,400,0,0,0,300,0,1500,1600,800,900,1300,1100,600,0,0,1900,700,900,0,0,500
Bacteria,Spirochaetota,Spirochaetia,Spirochaetales,Spirochaetaceae,Genus of Spirochaetaceae,0,0,0,0,0,0,0,0,0,900,800,600,0,0,0,0,0,0,3900,0,0,1800,1800,2100
Bacteria,Proteobacteria,Alphaproteobacteria,Sphingomonadales,Sphingomonadaceae,Sphingosinicella,300,0,0,900,2400,4800,600,1400,0,0,0,0,0,0,0,400,0,1000,0,0,0,0,0,0
Bacteria,Planctomycetota,Planctomycetes,Gemmatales,Gemmataceae,Genus of Gemmataceae,0,0,0,500,0,0,0,0,0,1000,2300,1700,1000,2100,800,0,0,0,0,900,1400,0,0,0
Bacteria,Proteobacteria,Alphaproteobacteria,Rhizobiales,Rhizobiaceae,Shinella,0,0,0,0,0,7200,0,0,0,0,0,4500,0,0,0,0,0,0,0,0,0,0,0,0
Bacteria,Proteobacteria,Alphaproteobacteria,Rhizobiales,Beijerinckiaceae,alphaI_cluster,0,0,0,0,0,0,0,0,0,0,0,0,0,0,0,0,0,0,1000,1300,0,2000,3800,3500
Bacteria,Proteobacteria,Alphaproteobacteria,Rickettsiales,Rickettsiaceae,Candidatus_Megaira,0,0,0,600,500,0,700,0,500,500,1100,900,0,700,600,500,0,0,0,1500,700,600,1100,1100
Bacteria,Cyanobacteria,Vampirivibrionia,Gastranaerophilales,Gastranaerophilales,Gastranaerophilales,0,0,0,0,0,0,0,0,0,2100,1500,900,1900,3100,1000,0,0,0,0,1000,0,0,0,0
Bacteria,Proteobacteria,Gammaproteobacteria,Burkholderiales,Chitinimonadaceae,Chitinimonas,0,0,0,1300,0,0,0,800,0,4700,0,0,0,0,0,500,1400,1800,500,0,0,0,0,0
Bacteria,Proteobacteria,Gammaproteobacteria,Burkholderiales,Comamonadaceae,Polaromonas,0,0,10900,0,0,0,0,0,0,0,0,0,0,0,0,0,0,0,0,0,0,0,0,0
Bacteria,Myxococcota,Myxococcia,Myxococcales,Anaeromyxobacteraceae,Anaeromyxobacter,0,0,0,0,0,0,0,0,0,0,0,0,500,400,300,0,0,0,0,0,0,1700,4600,3300
Bacteria,Myxococcota,Polyangia,Nannocystales,Nannocystaceae,Genus of Nannocystaceae,1000,1900,0,0,0,0,0,0,0,0,0,0,1200,0,0,3100,0,0,0,0,0,900,1600,1100
Bacteria,Proteobacteria,Gammaproteobacteria,Oceanospirillales,Hahellaceae,Hahella,0,0,0,0,0,0,0,0,0,0,0,0,0,0,0,2600,3200,4800,0,0,0,0,0,0
Bacteria,Bdellovibrionota,Oligoflexia,053A03-B-DI-P58,053A03-B-DI-P58,053A03-B-DI-P58,0,800,400,500,0,0,700,1600,0,0,0,0,0,600,0,0,1400,400,400,0,0,1200,900,1200
Bacteria,Proteobacteria,Alphaproteobacteria,Rhizobiales,Xanthobacteraceae,Genus of Xanthobacteraceae,0,0,0,0,1000,100,0,0,500,0,1500,1000,0,400,0,0,0,0,0,0,1600,0,1900,1600
Bacteria,Proteobacteria,Gammaproteobacteria,Xanthomonadales,Xanthomonadaceae,Stenotrophomonas,0,0,0,0,0,6900,0,0,0,0,1300,1300,0,0,0,0,0,0,0,0,0,0,0,0
Bacteria,Actinobacteriota,Actinobacteria,Propionibacteriales,Nocardioidaceae,Nocardioides,0,500,400,800,2100,1700,0,0,0,0,0,0,0,0,0,0,0,300,500,800,0,0,1200,900
Bacteria,Planctomycetota,Planctomycetes,Pirellulales,Pirellulaceae,Rhodopirellula,800,0,1000,1400,0,0,1000,400,0,0,0,0,0,0,0,4400,0,0,0,0,0,0,0,0
Bacteria,Proteobacteria,Alphaproteobacteria,Rhizobiales,Beijerinckiaceae,Bosea,0,0,1200,0,0,5700,0,0,0,0,0,2000,0,0,0,0,0,0,0,0,0,0,0,0
Bacteria,NB1-j,NB1-j,NB1-j,NB1-j,NB1-j,500,0,0,0,0,0,0,600,0,600,500,900,500,2000,1000,0,200,0,500,0,400,0,700,0
Bacteria,Proteobacteria,Alphaproteobacteria,Rhizobiales,Rhizobiales_Incertae_Sedis,Phreatobacter,0,0,0,0,0,3000,0,0,1600,0,0,1200,0,0,0,0,0,0,0,0,1300,0,0,1300
Bacteria,Bacteroidota,Bacteroidia,Bacteroidales,Dysgonomonadaceae,Genus of Dysgonomonadaceae,0,0,0,2400,0,0,2100,0,0,0,0,0,0,0,0,3600,0,0,0,0,0,0,0,0
Bacteria,Chloroflexi,Anaerolineae,SBR1031,Family of SBR1031,Genus of SBR1031,0,0,0,0,0,0,0,0,0,0,1200,1200,900,600,300,0,0,0,1300,0,2600,0,0,0
Bacteria,FCPU426,FCPU426,FCPU426,FCPU426,FCPU426,0,0,0,0,0,0,0,0,0,1800,600,0,800,500,0,1400,1200,400,700,0,0,600,0,0
Bacteria,Proteobacteria,Alphaproteobacteria,Paracaedibacterales,Paracaedibacteraceae,Genus of Paracaedibacteraceae,0,900,0,0,600,500,0,500,800,0,0,0,0,0,0,0,0,4600,0,0,0,0,0,0
Bacteria,Proteobacteria,Gammaproteobacteria,Burkholderiales,Gallionellaceae,Sideroxydans,0,0,0,2700,0,0,2200,0,0,0,0,0,0,0,0,3000,0,0,0,0,0,0,0,0
Bacteria,Proteobacteria,Gammaproteobacteria,Xanthomonadales,Rhodanobacteraceae,Chiayiivirga,1200,0,1100,0,900,0,1100,0,0,0,0,0,0,0,0,1100,1200,1300,0,0,0,0,0,0
Bacteria,Verrucomicrobiota,Verrucomicrobiae,Opitutales,Puniceicoccaceae,Genus of Puniceicoccaceae,0,0,0,0,0,0,0,0,0,0,400,1400,300,400,600,3900,0,0,0,0,300,0,600,0
Bacteria,Proteobacteria,Alphaproteobacteria,Rhizobiales,Hyphomicrobiaceae,Pedomicrobium,0,0,0,0,0,0,0,0,0,0,0,0,800,1300,1200,0,0,0,800,1100,1100,0,1500,0
Bacteria,Verrucomicrobiota,Verrucomicrobiae,Chthoniobacterales,Chthoniobacteraceae,Chthoniobacter,1200,400,0,500,0,0,800,600,1500,0,0,0,0,0,0,1300,600,800,0,0,0,0,0,0
Bacteria,Actinobacteriota,Actinobacteria,Propionibacteriales,Nocardioidaceae,Marmoricola,0,0,0,0,0,0,0,0,0,1400,900,1400,1300,900,0,0,0,0,0,0,1600,0,0,0
Bacteria,Proteobacteria,Alphaproteobacteria,Rhizobiales,Beijerinckiaceae,Genus of Beijerinckiaceae,1200,2200,1900,0,1000,0,0,0,0,0,0,0,0,0,0,0,0,1200,0,0,0,0,0,0
Bacteria,Verrucomicrobiota,Verrucomicrobiae,Verrucomicrobiales,Rubritaleaceae,Luteolibacter,0,0,0,0,0,0,0,0,0,0,600,300,0,0,0,0,0,0,0,500,0,2700,2000,1400
Bacteria,Spirochaetota,Spirochaetia,Spirochaetales,Spirochaetaceae,Spirochaeta_2,0,0,0,0,0,0,0,0,0,1900,600,0,1700,1200,300,0,0,0,0,0,0,1700,0,0
Bacteria,Bacteroidota,Bacteroidia,Sphingobacteriales,GWF2-29-10,GWF2-29-10,0,700,800,1900,0,0,1400,1100,0,0,0,0,0,0,0,0,0,0,600,0,0,700,0,0
Bacteria,Proteobacteria,Gammaproteobacteria,Burkholderiales,Comamonadaceae,Ideonella,4800,0,0,0,0,0,0,0,2400,0,0,0,0,0,0,0,0,0,0,0,0,0,0,0
Bacteria,Proteobacteria,Gammaproteobacteria,Oceanospirillales,Saccharospirillaceae,Oceanobacter,0,0,600,500,0,0,0,0,0,0,0,0,0,0,0,3400,1600,1100,0,0,0,0,0,0
Bacteria,Proteobacteria,Gammaproteobacteria,Steroidobacterales,Steroidobacteraceae,Steroidobacter,0,0,0,0,0,0,0,0,0,900,1500,0,1100,1000,700,0,0,0,600,700,600,0,0,0
Bacteria,Firmicutes,Clostridia,Clostridiales,Clostridiaceae,Clostridium_sensu_stricto_1,0,0,0,1300,0,0,1200,0,0,0,0,0,700,0,800,0,0,0,1100,600,0,1000,0,0
Bacteria,Firmicutes,Clostridia,Peptostreptococcales-Tissierellales,Peptostreptococcaceae,Proteocatella,0,0,0,1800,0,500,3600,500,0,0,0,0,0,0,0,0,0,0,0,0,0,0,0,0
Bacteria,Patescibacteria,Parcubacteria,Candidatus_Moranbacteria,Candidatus_Moranbacteria,Candidatus_Moranbacteria,0,0,0,0,0,0,0,0,0,400,0,0,2400,2400,0,0,0,0,1100,0,0,0,0,0
Bacteria,Proteobacteria,Alphaproteobacteria,Rhodospirillales,Rhodospirillaceae,Novispirillum,0,0,1100,0,0,0,0,0,1000,0,0,0,0,0,0,0,0,4200,0,0,0,0,0,0
Bacteria,Bacteroidota,Bacteroidia,Flavobacteriales,Weeksellaceae,Cloacibacterium,0,0,0,0,1200,0,0,0,0,0,2800,0,0,600,0,0,0,0,0,0,0,1000,600,0
Bacteria,Chloroflexi,Chloroflexia,Thermomicrobiales,JG30-KF-CM45,JG30-KF-CM45,0,0,0,0,0,0,0,0,0,0,1000,1400,400,0,800,0,0,0,600,500,1000,400,0,0
Bacteria,Proteobacteria,Gammaproteobacteria,Burkholderiales,Family of Burkholderiales,Genus of Burkholderiales,0,900,600,1600,200,0,1100,300,100,100,100,100,0,0,0,300,400,0,0,0,200,0,0,0
Bacteria,Actinobacteriota,Acidimicrobiia,Order of Acidimicrobiia,Family of Acidimicrobiia,Genus of Acidimicrobiia,0,0,0,0,0,0,0,0,0,600,800,400,1000,1000,800,0,0,0,700,0,600,0,0,0
Bacteria,Proteobacteria,Alphaproteobacteria,Rhizobiales,Pleomorphomonadaceae,Genus of Pleomorphomonadaceae,0,0,0,0,0,0,0,0,0,0,0,900,900,1500,1000,0,0,0,0,700,900,0,0,0
Bacteria,Patescibacteria,Gracilibacteria,Absconditabacteriales_(SR1),Absconditabacteriales_(SR1),Absconditabacteriales_(SR1),0,800,800,600,0,0,0,0,0,600,0,500,1200,0,0,0,0,0,0,0,0,900,400,0
Bacteria,Actinobacteriota,Actinobacteria,Frankiales,Sporichthyaceae,Longivirga,700,0,600,0,1400,1200,0,1800,0,0,0,0,0,0,0,0,0,0,0,0,0,0,0,0
Bacteria,Bacteroidota,Bacteroidia,SM1A07,SM1A07,SM1A07,0,0,0,0,0,0,0,0,0,300,0,0,1500,600,0,0,0,0,300,0,0,300,1100,1600
Bacteria,Proteobacteria,Alphaproteobacteria,Holosporales,Holosporaceae,Genus of Holosporaceae,0,0,0,0,0,0,1900,0,0,0,0,0,0,0,0,1000,0,0,0,1200,400,600,600,0
Bacteria,Bacteroidota,Bacteroidia,Flavobacteriales,Family of Flavobacteriales,Genus of Flavobacteriales,0,0,0,0,0,0,0,0,0,1200,0,0,1500,0,0,0,0,0,1400,0,0,1500,0,0
Bacteria,Bdellovibrionota,Bdellovibrionia,Bacteriovoracales,Bacteriovoracaceae,Genus of Bacteriovoracaceae,0,1000,500,1600,0,0,1200,900,400,0,0,0,0,0,0,0,0,0,0,0,0,0,0,0
Bacteria,Firmicutes,Clostridia,Oscillospirales,Ruminococcaceae,Ruminococcus,0,0,0,1100,0,0,0,0,0,0,1500,0,500,0,0,0,0,0,600,0,0,1200,700,0
Bacteria,Planctomycetota,Planctomycetes,Gemmatales,Gemmataceae,Fimbriiglobus,0,0,0,0,0,0,0,0,0,1000,0,700,600,600,600,0,0,0,600,0,800,400,300,0
Bacteria,Proteobacteria,Gammaproteobacteria,Acidithiobacillales,Acidithiobacillaceae,KCM-B-112,0,0,0,0,0,0,0,0,0,0,0,0,0,0,0,1500,2000,1100,900,0,0,0,0,0
Bacteria,Proteobacteria,Gammaproteobacteria,Burkholderiales,Nitrosomonadaceae,GOUTA6,0,0,0,0,0,0,0,0,0,0,0,0,1200,0,0,0,0,0,600,1100,800,700,1100,0
Bacteria,Verrucomicrobiota,Verrucomicrobiae,Pedosphaerales,Pedosphaeraceae,ADurb.Bin063-1,0,0,0,0,0,0,0,0,0,1800,600,0,0,0,600,0,0,0,0,0,0,0,1100,1300
Bacteria,Bacteroidota,Ignavibacteria,Ignavibacteriales,SR-FBR-L83,SR-FBR-L83,0,0,0,0,0,0,0,0,0,0,700,0,700,800,600,0,0,0,700,0,0,800,1000,0
Bacteria,Firmicutes,Clostridia,Peptostreptococcales-Tissierellales,Peptostreptococcaceae,Acetoanaerobium,0,0,0,1700,0,500,900,800,0,0,1300,0,0,0,0,0,0,0,0,0,0,0,0,0
Bacteria,Proteobacteria,Alphaproteobacteria,Caulobacterales,Hyphomonadaceae,UKL13-1,0,0,1700,0,0,0,0,0,0,0,0,0,0,0,0,0,0,0,0,0,0,0,1700,1700
Bacteria,Bacteroidota,Bacteroidia,Bacteroidales,Prolixibacteraceae,BSV13,0,0,0,0,0,0,0,0,0,0,1900,600,0,0,0,1500,400,600,0,0,0,0,0,0
Bacteria,Acidobacteriota,Blastocatellia,Blastocatellales,Blastocatellaceae,Blastocatella,0,0,0,0,0,0,0,0,0,900,0,0,1300,500,0,0,0,0,0,300,0,900,500,500
Bacteria,Actinobacteriota,Actinobacteria,Corynebacteriales,Nocardiaceae,Gordonia,0,0,0,0,0,0,0,0,0,0,400,1000,0,1300,1400,0,0,0,0,0,0,0,0,800
Bacteria,Firmicutes,Negativicutes,Acidaminococcales,Acidaminococcaceae,Acidaminococcus,500,0,0,1700,900,0,1800,0,0,0,0,0,0,0,0,0,0,0,0,0,0,0,0,0
Bacteria,Firmicutes,Bacilli,Lactobacillales,Family of Lactobacillales,Genus of Lactobacillales,100,0,0,0,0,100,500,700,0,500,300,0,400,400,500,800,0,100,0,0,0,400,0,0
Bacteria,Proteobacteria,Alphaproteobacteria,Rhizobiales,Pleomorphomonadaceae,Prosthecomicrobium,0,0,0,0,500,2100,0,0,2200,0,0,0,0,0,0,0,0,0,0,0,0,0,0,0
Bacteria,Proteobacteria,Gammaproteobacteria,Burkholderiales,Neisseriaceae,Uruburuella,0,0,0,500,1100,1500,0,0,0,0,0,0,600,0,0,0,0,0,600,500,0,0,0,0
Bacteria,Proteobacteria,Gammaproteobacteria,Legionellales,Legionellaceae,Legionella,4800,0,0,0,0,0,0,0,0,0,0,0,0,0,0,0,0,0,0,0,0,0,0,0
Bacteria,Verrucomicrobiota,Chlamydiae,Chlamydiales,cvE6,cvE6,0,0,0,0,0,0,0,0,0,0,0,0,0,0,0,0,0,0,0,0,0,1200,1900,1500
Bacteria,Firmicutes,Bacilli,Lactobacillales,Streptococcaceae,Streptococcus,0,0,0,500,1300,1000,600,500,600,0,0,0,0,0,0,0,0,0,0,0,0,0,0,0
Bacteria,Firmicutes,Bacilli,RF39,RF39,RF39,0,0,0,2400,0,0,1700,300,0,0,0,0,0,0,0,0,0,0,0,0,0,0,0,0
Bacteria,Actinobacteriota,Actinobacteria,Micrococcales,Microbacteriaceae,Genus of Microbacteriaceae,0,0,0,900,0,1100,0,0,1300,0,0,0,0,0,0,0,0,0,0,600,0,0,0,400
Bacteria,Actinobacteriota,Actinobacteria,Order of Actinobacteria,Family of Actinobacteria,Genus of Actinobacteria,0,500,0,0,0,0,0,0,0,0,0,0,0,0,0,0,0,0,0,0,0,1600,1100,1100
Bacteria,Desulfobacterota,Desulfobacteria,Desulfobacterales,Desulforegulaceae,Desulforegula,0,0,0,0,0,0,0,0,0,400,0,0,1200,0,0,0,0,0,2700,0,0,0,0,0
Bacteria,Patescibacteria,Gracilibacteria,Order of Gracilibacteria,Family of Gracilibacteria,Genus of Gracilibacteria,0,0,0,0,0,0,0,0,0,800,300,0,800,700,800,0,0,0,800,0,0,0,0,0
Bacteria,Proteobacteria,Gammaproteobacteria,Enterobacterales,Yersiniaceae,Genus of Yersiniaceae,0,0,0,0,0,0,0,0,1800,0,0,700,0,1600,0,0,0,0,0,0,0,0,0,0
Bacteria,Bacteroidota,Rhodothermia,Rhodothermales,Rhodothermaceae,Genus of Rhodothermaceae,300,0,1000,0,400,2100,0,0,0,0,0,0,0,0,0,0,0,0,0,0,0,200,0,0
Bacteria,Chloroflexi,Chloroflexia,Chloroflexales,Herpetosiphonaceae,Herpetosiphon,0,0,0,0,0,0,0,0,0,0,0,900,0,0,0,0,0,0,0,0,0,0,1300,1800
Bacteria,Proteobacteria,Gammaproteobacteria,Burkholderiales,Rhodocyclaceae,Georgfuchsia,1300,0,0,1400,0,0,0,0,0,0,0,0,0,0,0,1300,0,0,0,0,0,0,0,0
Bacteria,Acidobacteriota,Holophagae,Holophagales,Holophagaceae,Holophaga,0,0,0,0,0,0,0,0,0,0,1600,0,0,0,0,2300,0,0,0,0,0,0,0,0
Bacteria,Actinobacteriota,Thermoleophilia,Gaiellales,Family of Gaiellales,Genus of Gaiellales,0,0,0,0,400,0,0,0,0,0,0,1300,0,600,700,0,0,0,0,0,900,0,0,0
Bacteria,Actinobacteriota,Actinobacteria,Micrococcales,Family of Micrococcales,Genus of Micrococcales,0,0,0,0,0,0,0,0,0,800,0,1000,200,900,400,0,0,0,0,0,500,0,0,0
Bacteria,Firmicutes,Clostridia,Clostridiales,Clostridiaceae,Proteiniclasticum,0,0,0,0,0,2400,0,0,0,0,0,500,0,0,0,0,0,0,0,0,900,0,0,0
Bacteria,Verrucomicrobiota,Kiritimatiellae,Kiritimatiellales,Kiritimatiellaceae,MSBL3,0,0,0,0,0,0,800,0,0,0,0,0,0,0,0,3000,0,0,0,0,0,0,0,0
Bacteria,Chloroflexi,Chloroflexia,Chloroflexales,Roseiflexaceae,Kouleothrix,0,0,0,0,0,0,0,0,0,400,600,200,200,600,200,0,0,0,500,200,500,100,100,100
Bacteria,Firmicutes,Negativicutes,Veillonellales-Selenomonadales,Veillonellaceae,Veillonella,0,0,0,1400,0,0,1300,1000,0,0,0,0,0,0,0,0,0,0,0,0,0,0,0,0
Bacteria,Proteobacteria,Alphaproteobacteria,Rickettsiales,Rickettsiaceae,Genus of Rickettsiaceae,0,0,0,0,0,500,600,0,400,0,0,0,0,0,0,1800,400,0,0,0,0,0,0,0
Bacteria,Proteobacteria,Alphaproteobacteria,Sphingomonadales,Sphingomonadaceae,Sphingopyxis,0,0,0,0,0,3200,0,0,500,0,0,0,0,0,0,0,0,0,0,0,0,0,0,0
Bacteria,Proteobacteria,Gammaproteobacteria,Gammaproteobacteria_Incertae_Sedis,Unknown_Family,Candidatus_Berkiella,2200,0,800,0,0,0,0,0,700,0,0,0,0,0,0,0,0,0,0,0,0,0,0,0
Bacteria,Acidobacteriota,Acidobacteriae,Order of Acidobacteriae,Family of Acidobacteriae,Genus of Acidobacteriae,0,0,0,0,0,0,0,0,0,500,1400,0,400,600,700,0,0,0,0,0,0,0,0,0
Bacteria,Desulfobacterota,Desulfuromonadia,Geobacterales,Geobacteraceae,Geobacter,0,0,0,0,0,0,1300,0,0,1700,600,0,0,0,0,0,0,0,0,0,0,0,0,0
Bacteria,Patescibacteria,Berkelbacteria,Berkelbacteria,Berkelbacteria,Berkelbacteria,0,0,0,0,0,0,0,0,0,0,0,0,0,0,0,800,1600,1200,0,0,0,0,0,0
Bacteria,Bacteroidota,Bacteroidia,Sphingobacteriales,Family of Sphingobacteriales,Genus of Sphingobacteriales,0,0,0,0,0,0,0,0,0,0,0,0,0,0,0,0,0,0,0,0,0,0,1800,1700
Bacteria,Bdellovibrionota,Bdellovibrionia,Bdellovibrionales,Bdellovibrionaceae,OM27_clade,0,0,0,0,0,0,0,0,0,0,0,0,1400,0,0,0,0,0,600,0,0,1000,400,0
Bacteria,Margulisbacteria,Margulisbacteria,Margulisbacteria,Margulisbacteria,Margulisbacteria,0,0,0,0,0,0,0,0,0,800,200,0,600,600,0,0,0,0,1200,0,0,0,0,0
Bacteria,Bacteroidota,Bacteroidia,Chitinophagales,Chitinophagaceae,Lacibacter,0,800,1500,0,0,0,0,0,1000,0,0,0,0,0,0,0,0,0,0,0,0,0,0,0
Bacteria,Actinobacteriota,Actinobacteria,Micrococcales,Intrasporangiaceae,Genus of Intrasporangiaceae,0,0,1300,0,0,1000,0,0,900,0,0,0,0,0,0,0,0,0,0,0,0,0,0,0
Bacteria,Proteobacteria,Gammaproteobacteria,Burkholderiales,Comamonadaceae,Delftia,0,0,3100,0,0,0,0,0,0,0,0,0,0,0,0,0,0,0,0,0,0,0,0,0
Bacteria,Acidobacteriota,Holophagae,Holophagales,Holophagaceae,Genus of Holophagaceae,0,0,0,0,0,0,0,0,0,0,0,0,0,0,0,0,0,0,2900,0,0,0,0,0
Bacteria,Patescibacteria,Parcubacteria,Candidatus_Nomurabacteria,Candidatus_Nomurabacteria,Candidatus_Nomurabacteria,0,0,0,0,0,0,0,0,0,0,0,0,0,0,0,0,0,0,0,0,0,800,1700,400
Bacteria,Verrucomicrobiota,Chlamydiae,Chlamydiales,Simkaniaceae,Genus of Simkaniaceae,0,0,0,0,0,0,0,0,0,600,600,0,0,700,500,0,0,0,500,0,0,0,0,0
Bacteria,Desulfobacterota,Desulfobacteria,Desulfobacterales,Desulfobacteraceae,Desulfobacter,0,0,800,0,400,600,0,500,0,0,0,0,0,0,0,500,0,0,0,0,0,0,0,0
Bacteria,Campilobacterota,Campylobacteria,Campylobacterales,Arcobacteraceae,Pseudarcobacter,0,900,1100,600,0,0,0,0,0,0,0,0,0,0,0,0,0,0,0,0,0,0,0,0
Bacteria,Myxococcota,Polyangia,Polyangiales,Polyangiaceae,Minicystis,0,0,0,0,0,0,0,0,0,1800,0,0,0,0,0,0,0,0,0,0,0,800,0,0
Bacteria,Spirochaetota,Spirochaetia,Spirochaetales,Spirochaetaceae,Salinispira,0,0,0,0,0,0,0,0,0,0,0,0,0,0,0,0,0,0,0,0,0,1700,800,0
Bacteria,Bacteroidota,Bacteroidia,Chitinophagales,Saprospiraceae,Lewinella,0,900,700,700,0,0,0,0,0,0,0,0,0,0,0,0,0,0,0,0,0,0,0,0
Bacteria,Spirochaetota,Leptospirae,Leptospirales,Leptospiraceae,Leptospiraceae,0,0,0,500,0,0,700,0,0,0,0,0,0,0,0,700,0,0,0,0,0,0,0,0
Bacteria,Planctomycetota,vadinHA49,vadinHA49,vadinHA49,vadinHA49,0,0,0,0,0,0,0,0,0,0,0,0,0,0,0,0,0,0,0,0,0,1100,0,0
